Wavelength,Intensity,,,,,,,,,,,,,,,,,,,,,,,,
  200,3.90E+08,,,,,,,,,,,,,,,,,,,,,,,,
  201,5.11E+08,,,,,,,,,,,,,,,,,,,,,,,,
  202,6.07E+08,,,,,,,,,,,,,,,,,,,,,,,,
  203.1,6.61E+08,,,,,,,,,,,,,,,,,,,,,,,,
  204.1,6.55E+08,,,,,,,,,,,,,,,,,,,,,,,,
  205.1,6.03E+08,,,,,,,,,,,,,,,,,,,,,,,,
  206.1,5.22E+08,,,,,,,,,,,,,,,,,,,,,,,,
  207.1,4.31E+08,,,,,,,,,,,,,,,,,,,,,,,,
  208.2,3.42E+08,,,,,,,,,,,,,,,,,,,,,,,,
  209.2,2.84E+08,,,,,,,,,,,,,,,,,,,,,,,,
  210.2,2.54E+08,,,,,,,,,,,,,,,,,,,,,,,,
  211.2,2.50E+08,,,,,,,,,,,,,,,,,,,,,,,,
  212.2,2.61E+08,,,,,,,,,,,,,,,,,,,,,,,,
  213.3,2.76E+08,,,,,,,,,,,,,,,,,,,,,,,,
  214.3,2.79E+08,,,,,,,,,,,,,,,,,,,,,,,,
  215.3,2.68E+08,,,,,,,,,,,,,,,,,,,,,,,,
  216.3,2.44E+08,,,,,,,,,,,,,,,,,,,,,,,,
  217.3,2.14E+08,,,,,,,,,,,,,,,,,,,,,,,,
  218.4,1.83E+08,,,,,,,,,,,,,,,,,,,,,,,,
  219.4,1.60E+08,,,,,,,,,,,,,,,,,,,,,,,,
  220.4,1.45E+08,,,,,,,,,,,,,,,,,,,,,,,,
  221.4,1.35E+08,,,,,,,,,,,,,,,,,,,,,,,,
  222.4,1.31E+08,,,,,,,,,,,,,,,,,,,,,,,,
  223.5,1.30E+08,,,,,,,,,,,,,,,,,,,,,,,,
  224.5,1.30E+08,,,,,,,,,,,,,,,,,,,,,,,,
  225.5,1.28E+08,,,,,,,,,,,,,,,,,,,,,,,,
  226.5,1.22E+08,,,,,,,,,,,,,,,,,,,,,,,,
  227.6,1.11E+08,,,,,,,,,,,,,,,,,,,,,,,,
  228.6,9.73E+07,,,,,,,,,,,,,,,,,,,,,,,,
  229.6,8.38E+07,,,,,,,,,,,,,,,,,,,,,,,,
  230.6,7.46E+07,,,,,,,,,,,,,,,,,,,,,,,,
  231.6,7.31E+07,,,,,,,,,,,,,,,,,,,,,,,,
  232.7,8.16E+07,,,,,,,,,,,,,,,,,,,,,,,,
  233.7,9.71E+07,,,,,,,,,,,,,,,,,,,,,,,,
  234.7,1.16E+08,,,,,,,,,,,,,,,,,,,,,,,,
  235.7,1.32E+08,,,,,,,,,,,,,,,,,,,,,,,,
  236.7,1.42E+08,,,,,,,,,,,,,,,,,,,,,,,,
  237.8,1.41E+08,,,,,,,,,,,,,,,,,,,,,,,,
  238.8,1.29E+08,,,,,,,,,,,,,,,,,,,,,,,,
  239.8,1.09E+08,,,,,,,,,,,,,,,,,,,,,,,,
  240.8,8.55E+07,,,,,,,,,,,,,,,,,,,,,,,,
  241.8,6.28E+07,,,,,,,,,,,,,,,,,,,,,,,,
  242.9,4.18E+07,,,,,,,,,,,,,,,,,,,,,,,,
  243.9,2.78E+07,,,,,,,,,,,,,,,,,,,,,,,,
  244.9,1.86E+07,,,,,,,,,,,,,,,,,,,,,,,,
  245.9,1.35E+07,,,,,,,,,,,,,,,,,,,,,,,,
  246.9,1.14E+07,,,,,,,,,,,,,,,,,,,,,,,,
  248,1.19E+07,,,,,,,,,,,,,,,,,,,,,,,,
  249,1.45E+07,,,,,,,,,,,,,,,,,,,,,,,,
  250,1.92E+07,,,,,,,,,,,,,,,,,,,,,,,,
  251,2.62E+07,,,,,,,,,,,,,,,,,,,,,,,,
  252,3.56E+07,,,,,,,,,,,,,,,,,,,,,,,,
  253.1,4.85E+07,,,,,,,,,,,,,,,,,,,,,,,,
  254.1,6.16E+07,,,,,,,,,,,,,,,,,,,,,,,,
  255.1,7.44E+07,,,,,,,,,,,,,,,,,,,,,,,,
  256.1,8.53E+07,,,,,,,,,,,,,,,,,,,,,,,,
  257.1,9.26E+07,,,,,,,,,,,,,,,,,,,,,,,,
  258.2,9.52E+07,,,,,,,,,,,,,,,,,,,,,,,,
  259.2,9.26E+07,,,,,,,,,,,,,,,,,,,,,,,,
  260.2,8.61E+07,,,,,,,,,,,,,,,,,,,,,,,,
  261.2,7.70E+07,,,,,,,,,,,,,,,,,,,,,,,,
  262.2,6.71E+07,,,,,,,,,,,,,,,,,,,,,,,,
  263.3,5.67E+07,,,,,,,,,,,,,,,,,,,,,,,,
  264.3,4.86E+07,,,,,,,,,,,,,,,,,,,,,,,,
  265.3,4.24E+07,,,,,,,,,,,,,,,,,,,,,,,,
  266.3,3.86E+07,,,,,,,,,,,,,,,,,,,,,,,,
  267.3,3.80E+07,,,,,,,,,,,,,,,,,,,,,,,,
  268.4,4.36E+07,,,,,,,,,,,,,,,,,,,,,,,,
  269.4,5.75E+07,,,,,,,,,,,,,,,,,,,,,,,,
  270.4,8.46E+07,,,,,,,,,,,,,,,,,,,,,,,,
  271.4,1.30E+08,,,,,,,,,,,,,,,,,,,,,,,,
  272.4,1.99E+08,,,,,,,,,,,,,,,,,,,,,,,,
  273.5,3.07E+08,,,,,,,,,,,,,,,,,,,,,,,,
  274.5,4.31E+08,,,,,,,,,,,,,,,,,,,,,,,,
  275.5,5.74E+08,,,,,,,,,,,,,,,,,,,,,,,,
  276.5,7.21E+08,,,,,,,,,,,,,,,,,,,,,,,,
  277.6,8.68E+08,,,,,,,,,,,,,,,,,,,,,,,,
  278.6,9.65E+08,,,,,,,,,,,,,,,,,,,,,,,,
  279.6,1.01E+09,,,,,,,,,,,,,,,,,,,,,,,,
  280.6,9.99E+08,,,,,,,,,,,,,,,,,,,,,,,,
  281.6,9.31E+08,,,,,,,,,,,,,,,,,,,,,,,,
  282.7,8.07E+08,,,,,,,,,,,,,,,,,,,,,,,,
  283.7,6.67E+08,,,,,,,,,,,,,,,,,,,,,,,,
  284.7,5.23E+08,,,,,,,,,,,,,,,,,,,,,,,,
  285.7,3.89E+08,,,,,,,,,,,,,,,,,,,,,,,,
  286.7,2.77E+08,,,,,,,,,,,,,,,,,,,,,,,,
  287.8,1.81E+08,,,,,,,,,,,,,,,,,,,,,,,,
  288.8,1.20E+08,,,,,,,,,,,,,,,,,,,,,,,,
  289.8,7.85E+07,,,,,,,,,,,,,,,,,,,,,,,,
  290.8,5.20E+07,,,,,,,,,,,,,,,,,,,,,,,,
  291.8,3.60E+07,,,,,,,,,,,,,,,,,,,,,,,,
  292.9,2.60E+07,,,,,,,,,,,,,,,,,,,,,,,,
  293.9,2.09E+07,,,,,,,,,,,,,,,,,,,,,,,,
  294.9,1.81E+07,,,,,,,,,,,,,,,,,,,,,,,,
  295.9,1.69E+07,,,,,,,,,,,,,,,,,,,,,,,,
  296.9,1.72E+07,,,,,,,,,,,,,,,,,,,,,,,,
  298,1.97E+07,,,,,,,,,,,,,,,,,,,,,,,,
  299,2.47E+07,,,,,,,,,,,,,,,,,,,,,,,,
  300,3.31E+07,,,,,,,,,,,,,,,,,,,,,,,,
  301,4.58E+07,,,,,,,,,,,,,,,,,,,,,,,,
  302,6.30E+07,,,,,,,,,,,,,,,,,,,,,,,,
  303.1,8.69E+07,,,,,,,,,,,,,,,,,,,,,,,,
  304.1,1.12E+08,,,,,,,,,,,,,,,,,,,,,,,,
  305.1,1.38E+08,,,,,,,,,,,,,,,,,,,,,,,,
  306.1,1.62E+08,,,,,,,,,,,,,,,,,,,,,,,,
  307.1,1.82E+08,,,,,,,,,,,,,,,,,,,,,,,,
  308.2,1.95E+08,,,,,,,,,,,,,,,,,,,,,,,,
  309.2,1.97E+08,,,,,,,,,,,,,,,,,,,,,,,,
  310.2,1.90E+08,,,,,,,,,,,,,,,,,,,,,,,,
  311.2,1.74E+08,,,,,,,,,,,,,,,,,,,,,,,,
  312.2,1.52E+08,,,,,,,,,,,,,,,,,,,,,,,,
  313.3,1.24E+08,,,,,,,,,,,,,,,,,,,,,,,,
  314.3,9.87E+07,,,,,,,,,,,,,,,,,,,,,,,,
  315.3,7.50E+07,,,,,,,,,,,,,,,,,,,,,,,,
  316.3,5.50E+07,,,,,,,,,,,,,,,,,,,,,,,,
  317.3,3.93E+07,,,,,,,,,,,,,,,,,,,,,,,,
  318.4,2.72E+07,,,,,,,,,,,,,,,,,,,,,,,,
  319.4,2.01E+07,,,,,,,,,,,,,,,,,,,,,,,,
  320.4,1.61E+07,,,,,,,,,,,,,,,,,,,,,,,,
  321.4,1.42E+07,,,,,,,,,,,,,,,,,,,,,,,,
  322.4,1.38E+07,,,,,,,,,,,,,,,,,,,,,,,,
  323.5,1.42E+07,,,,,,,,,,,,,,,,,,,,,,,,
  324.5,1.49E+07,,,,,,,,,,,,,,,,,,,,,,,,
  325.5,1.58E+07,,,,,,,,,,,,,,,,,,,,,,,,
  326.5,1.65E+07,,,,,,,,,,,,,,,,,,,,,,,,
  327.6,1.72E+07,,,,,,,,,,,,,,,,,,,,,,,,
  328.6,1.76E+07,,,,,,,,,,,,,,,,,,,,,,,,
  329.6,1.79E+07,,,,,,,,,,,,,,,,,,,,,,,,
  330.6,1.79E+07,,,,,,,,,,,,,,,,,,,,,,,,
  331.6,1.78E+07,,,,,,,,,,,,,,,,,,,,,,,,
  332.7,1.74E+07,,,,,,,,,,,,,,,,,,,,,,,,
  333.7,1.68E+07,,,,,,,,,,,,,,,,,,,,,,,,
  334.7,1.59E+07,,,,,,,,,,,,,,,,,,,,,,,,
  335.7,1.48E+07,,,,,,,,,,,,,,,,,,,,,,,,
  336.7,1.34E+07,,,,,,,,,,,,,,,,,,,,,,,,
  337.8,1.17E+07,,,,,,,,,,,,,,,,,,,,,,,,
  338.8,1.01E+07,,,,,,,,,,,,,,,,,,,,,,,,
  339.8,8.51E+06,,,,,,,,,,,,,,,,,,,,,,,,
  340.8,7.03E+06,,,,,,,,,,,,,,,,,,,,,,,,
  341.8,5.73E+06,,,,,,,,,,,,,,,,,,,,,,,,
  342.9,4.54E+06,,,,,,,,,,,,,,,,,,,,,,,,
  343.9,3.68E+06,,,,,,,,,,,,,,,,,,,,,,,,
  344.9,3.03E+06,,,,,,,,,,,,,,,,,,,,,,,,
  345.9,2.57E+06,,,,,,,,,,,,,,,,,,,,,,,,
  346.9,2.25E+06,,,,,,,,,,,,,,,,,,,,,,,,
  348,2.03E+06,,,,,,,,,,,,,,,,,,,,,,,,
  349,1.94E+06,,,,,,,,,,,,,,,,,,,,,,,,
  350,1.91E+06,,,,,,,,,,,,,,,,,,,,,,,,
  351,1.94E+06,,,,,,,,,,,,,,,,,,,,,,,,
  352,2.03E+06,,,,,,,,,,,,,,,,,,,,,,,,
  353.1,2.16E+06,,,,,,,,,,,,,,,,,,,,,,,,
  354.1,2.30E+06,,,,,,,,,,,,,,,,,,,,,,,,
  355.1,2.44E+06,,,,,,,,,,,,,,,,,,,,,,,,
  356.1,2.57E+06,,,,,,,,,,,,,,,,,,,,,,,,
  357.1,2.66E+06,,,,,,,,,,,,,,,,,,,,,,,,
  358.2,2.70E+06,,,,,,,,,,,,,,,,,,,,,,,,
  359.2,2.67E+06,,,,,,,,,,,,,,,,,,,,,,,,
  360.2,2.58E+06,,,,,,,,,,,,,,,,,,,,,,,,
  361.2,2.42E+06,,,,,,,,,,,,,,,,,,,,,,,,
  362.2,2.22E+06,,,,,,,,,,,,,,,,,,,,,,,,
  363.3,1.98E+06,,,,,,,,,,,,,,,,,,,,,,,,
  364.3,1.76E+06,,,,,,,,,,,,,,,,,,,,,,,,
  365.3,1.55E+06,,,,,,,,,,,,,,,,,,,,,,,,
  366.3,1.39E+06,,,,,,,,,,,,,,,,,,,,,,,,
  367.3,1.29E+06,,,,,,,,,,,,,,,,,,,,,,,,
  368.4,1.25E+06,,,,,,,,,,,,,,,,,,,,,,,,
  369.4,1.30E+06,,,,,,,,,,,,,,,,,,,,,,,,
  370.4,1.42E+06,,,,,,,,,,,,,,,,,,,,,,,,
  371.4,1.63E+06,,,,,,,,,,,,,,,,,,,,,,,,
  372.4,1.93E+06,,,,,,,,,,,,,,,,,,,,,,,,
  373.5,2.37E+06,,,,,,,,,,,,,,,,,,,,,,,,
  374.5,2.88E+06,,,,,,,,,,,,,,,,,,,,,,,,
  375.5,3.52E+06,,,,,,,,,,,,,,,,,,,,,,,,
  376.5,4.30E+06,,,,,,,,,,,,,,,,,,,,,,,,
  377.6,5.37E+06,,,,,,,,,,,,,,,,,,,,,,,,
  378.6,6.58E+06,,,,,,,,,,,,,,,,,,,,,,,,
  379.6,8.11E+06,,,,,,,,,,,,,,,,,,,,,,,,
  380.6,1.01E+07,,,,,,,,,,,,,,,,,,,,,,,,
  381.6,1.26E+07,,,,,,,,,,,,,,,,,,,,,,,,
  382.7,1.62E+07,,,,,,,,,,,,,,,,,,,,,,,,
  383.7,2.05E+07,,,,,,,,,,,,,,,,,,,,,,,,
  384.7,2.60E+07,,,,,,,,,,,,,,,,,,,,,,,,
  385.7,3.28E+07,,,,,,,,,,,,,,,,,,,,,,,,
  386.7,4.10E+07,,,,,,,,,,,,,,,,,,,,,,,,
  387.8,5.16E+07,,,,,,,,,,,,,,,,,,,,,,,,
  388.8,6.23E+07,,,,,,,,,,,,,,,,,,,,,,,,
  389.8,7.37E+07,,,,,,,,,,,,,,,,,,,,,,,,
  390.8,8.52E+07,,,,,,,,,,,,,,,,,,,,,,,,
  391.8,9.59E+07,,,,,,,,,,,,,,,,,,,,,,,,
  392.9,1.06E+08,,,,,,,,,,,,,,,,,,,,,,,,
  393.9,1.13E+08,,,,,,,,,,,,,,,,,,,,,,,,
  394.9,1.16E+08,,,,,,,,,,,,,,,,,,,,,,,,
  395.9,1.17E+08,,,,,,,,,,,,,,,,,,,,,,,,
  396.9,1.14E+08,,,,,,,,,,,,,,,,,,,,,,,,
  398,1.07E+08,,,,,,,,,,,,,,,,,,,,,,,,
  399,9.80E+07,,,,,,,,,,,,,,,,,,,,,,,,
  400,8.72E+07,,,,,,,,,,,,,,,,,,,,,,,,
  401,7.53E+07,,,,,,,,,,,,,,,,,,,,,,,,
  402,6.31E+07,,,,,,,,,,,,,,,,,,,,,,,,
  403.1,5.02E+07,,,,,,,,,,,,,,,,,,,,,,,,
  404.1,3.96E+07,,,,,,,,,,,,,,,,,,,,,,,,
  405.1,3.03E+07,,,,,,,,,,,,,,,,,,,,,,,,
  406.1,2.25E+07,,,,,,,,,,,,,,,,,,,,,,,,
  407.1,1.63E+07,,,,,,,,,,,,,,,,,,,,,,,,
  408.2,1.10E+07,,,,,,,,,,,,,,,,,,,,,,,,
  409.2,7.50E+06,,,,,,,,,,,,,,,,,,,,,,,,
  410.2,4.99E+06,,,,,,,,,,,,,,,,,,,,,,,,
  411.2,3.25E+06,,,,,,,,,,,,,,,,,,,,,,,,
  412.2,2.08E+06,,,,,,,,,,,,,,,,,,,,,,,,
  413.3,1.27E+06,,,,,,,,,,,,,,,,,,,,,,,,
  414.3,8.17E+05,,,,,,,,,,,,,,,,,,,,,,,,
  415.3,5.45E+05,,,,,,,,,,,,,,,,,,,,,,,,
  416.3,3.87E+05,,,,,,,,,,,,,,,,,,,,,,,,
  417.3,2.99E+05,,,,,,,,,,,,,,,,,,,,,,,,
  418.4,2.52E+05,,,,,,,,,,,,,,,,,,,,,,,,
  419.4,2.35E+05,,,,,,,,,,,,,,,,,,,,,,,,
  420.4,2.32E+05,,,,,,,,,,,,,,,,,,,,,,,,
  421.4,2.37E+05,,,,,,,,,,,,,,,,,,,,,,,,
  422.4,2.47E+05,,,,,,,,,,,,,,,,,,,,,,,,
  423.5,2.60E+05,,,,,,,,,,,,,,,,,,,,,,,,
  424.5,2.74E+05,,,,,,,,,,,,,,,,,,,,,,,,
  425.5,2.87E+05,,,,,,,,,,,,,,,,,,,,,,,,
  426.5,3.00E+05,,,,,,,,,,,,,,,,,,,,,,,,
  427.6,3.13E+05,,,,,,,,,,,,,,,,,,,,,,,,
  428.6,3.22E+05,,,,,,,,,,,,,,,,,,,,,,,,
  429.6,3.31E+05,,,,,,,,,,,,,,,,,,,,,,,,
  430.6,3.38E+05,,,,,,,,,,,,,,,,,,,,,,,,
  431.6,3.44E+05,,,,,,,,,,,,,,,,,,,,,,,,
  432.7,3.52E+05,,,,,,,,,,,,,,,,,,,,,,,,
  433.7,3.61E+05,,,,,,,,,,,,,,,,,,,,,,,,
  434.7,3.74E+05,,,,,,,,,,,,,,,,,,,,,,,,
  435.7,3.91E+05,,,,,,,,,,,,,,,,,,,,,,,,
  436.7,4.13E+05,,,,,,,,,,,,,,,,,,,,,,,,
  437.8,4.45E+05,,,,,,,,,,,,,,,,,,,,,,,,
  438.8,4.82E+05,,,,,,,,,,,,,,,,,,,,,,,,
  439.8,5.24E+05,,,,,,,,,,,,,,,,,,,,,,,,
  440.8,5.72E+05,,,,,,,,,,,,,,,,,,,,,,,,
  441.8,6.23E+05,,,,,,,,,,,,,,,,,,,,,,,,
  442.9,6.80E+05,,,,,,,,,,,,,,,,,,,,,,,,
  443.9,7.29E+05,,,,,,,,,,,,,,,,,,,,,,,,
  444.9,7.74E+05,,,,,,,,,,,,,,,,,,,,,,,,
  445.9,8.10E+05,,,,,,,,,,,,,,,,,,,,,,,,
  446.9,8.35E+05,,,,,,,,,,,,,,,,,,,,,,,,
  448,8.49E+05,,,,,,,,,,,,,,,,,,,,,,,,
  449,8.48E+05,,,,,,,,,,,,,,,,,,,,,,,,
  450,8.35E+05,,,,,,,,,,,,,,,,,,,,,,,,
  451,8.10E+05,,,,,,,,,,,,,,,,,,,,,,,,
  452,7.77E+05,,,,,,,,,,,,,,,,,,,,,,,,
  453.1,7.34E+05,,,,,,,,,,,,,,,,,,,,,,,,
  454.1,6.91E+05,,,,,,,,,,,,,,,,,,,,,,,,
  455.1,6.49E+05,,,,,,,,,,,,,,,,,,,,,,,,
  456.1,6.10E+05,,,,,,,,,,,,,,,,,,,,,,,,
  457.1,5.76E+05,,,,,,,,,,,,,,,,,,,,,,,,
  458.2,5.47E+05,,,,,,,,,,,,,,,,,,,,,,,,
  459.2,5.27E+05,,,,,,,,,,,,,,,,,,,,,,,,
  460.2,5.13E+05,,,,,,,,,,,,,,,,,,,,,,,,
  461.2,5.05E+05,,,,,,,,,,,,,,,,,,,,,,,,
  462.2,5.02E+05,,,,,,,,,,,,,,,,,,,,,,,,
  463.3,5.00E+05,,,,,,,,,,,,,,,,,,,,,,,,
  464.3,4.99E+05,,,,,,,,,,,,,,,,,,,,,,,,
  465.3,4.96E+05,,,,,,,,,,,,,,,,,,,,,,,,
  466.3,4.90E+05,,,,,,,,,,,,,,,,,,,,,,,,
  467.3,4.80E+05,,,,,,,,,,,,,,,,,,,,,,,,
  468.4,4.64E+05,,,,,,,,,,,,,,,,,,,,,,,,
  469.4,4.45E+05,,,,,,,,,,,,,,,,,,,,,,,,
  470.4,4.21E+05,,,,,,,,,,,,,,,,,,,,,,,,
  471.4,3.93E+05,,,,,,,,,,,,,,,,,,,,,,,,
  472.4,3.63E+05,,,,,,,,,,,,,,,,,,,,,,,,
  473.5,3.29E+05,,,,,,,,,,,,,,,,,,,,,,,,
  474.5,2.97E+05,,,,,,,,,,,,,,,,,,,,,,,,
  475.5,2.66E+05,,,,,,,,,,,,,,,,,,,,,,,,
  476.5,2.37E+05,,,,,,,,,,,,,,,,,,,,,,,,
  477.6,2.08E+05,,,,,,,,,,,,,,,,,,,,,,,,
  478.6,1.84E+05,,,,,,,,,,,,,,,,,,,,,,,,
  479.6,1.64E+05,,,,,,,,,,,,,,,,,,,,,,,,
  480.6,1.47E+05,,,,,,,,,,,,,,,,,,,,,,,,
  481.6,1.32E+05,,,,,,,,,,,,,,,,,,,,,,,,
  482.7,1.20E+05,,,,,,,,,,,,,,,,,,,,,,,,
  483.7,1.11E+05,,,,,,,,,,,,,,,,,,,,,,,,
  484.7,1.05E+05,,,,,,,,,,,,,,,,,,,,,,,,
  485.7,1.01E+05,,,,,,,,,,,,,,,,,,,,,,,,
  486.7,9.76E+04,,,,,,,,,,,,,,,,,,,,,,,,
  487.8,9.57E+04,,,,,,,,,,,,,,,,,,,,,,,,
  488.8,9.48E+04,,,,,,,,,,,,,,,,,,,,,,,,
  489.8,9.45E+04,,,,,,,,,,,,,,,,,,,,,,,,
  490.8,9.46E+04,,,,,,,,,,,,,,,,,,,,,,,,
  491.8,9.50E+04,,,,,,,,,,,,,,,,,,,,,,,,
  492.9,9.57E+04,,,,,,,,,,,,,,,,,,,,,,,,
  493.9,9.68E+04,,,,,,,,,,,,,,,,,,,,,,,,
  494.9,9.86E+04,,,,,,,,,,,,,,,,,,,,,,,,
  495.9,1.02E+05,,,,,,,,,,,,,,,,,,,,,,,,
  496.9,1.06E+05,,,,,,,,,,,,,,,,,,,,,,,,
  498,1.14E+05,,,,,,,,,,,,,,,,,,,,,,,,
  499,1.25E+05,,,,,,,,,,,,,,,,,,,,,,,,
  500,1.40E+05,,,,,,,,,,,,,,,,,,,,,,,,
  501,1.61E+05,,,,,,,,,,,,,,,,,,,,,,,,
  502,1.88E+05,,,,,,,,,,,,,,,,,,,,,,,,
  503.1,2.27E+05,,,,,,,,,,,,,,,,,,,,,,,,
  504.1,2.70E+05,,,,,,,,,,,,,,,,,,,,,,,,
  505.1,3.23E+05,,,,,,,,,,,,,,,,,,,,,,,,
  506.1,3.85E+05,,,,,,,,,,,,,,,,,,,,,,,,
  507.1,4.55E+05,,,,,,,,,,,,,,,,,,,,,,,,
  508.2,5.42E+05,,,,,,,,,,,,,,,,,,,,,,,,
  509.2,6.26E+05,,,,,,,,,,,,,,,,,,,,,,,,
  510.2,7.15E+05,,,,,,,,,,,,,,,,,,,,,,,,
  511.2,8.05E+05,,,,,,,,,,,,,,,,,,,,,,,,
  512.2,8.93E+05,,,,,,,,,,,,,,,,,,,,,,,,
  513.3,9.82E+05,,,,,,,,,,,,,,,,,,,,,,,,
  514.3,1.05E+06,,,,,,,,,,,,,,,,,,,,,,,,
  515.3,1.11E+06,,,,,,,,,,,,,,,,,,,,,,,,
  516.3,1.16E+06,,,,,,,,,,,,,,,,,,,,,,,,
  517.3,1.18E+06,,,,,,,,,,,,,,,,,,,,,,,,
  518.4,1.19E+06,,,,,,,,,,,,,,,,,,,,,,,,
  519.4,1.17E+06,,,,,,,,,,,,,,,,,,,,,,,,
  520.4,1.14E+06,,,,,,,,,,,,,,,,,,,,,,,,
  521.4,1.09E+06,,,,,,,,,,,,,,,,,,,,,,,,
  522.4,1.02E+06,,,,,,,,,,,,,,,,,,,,,,,,
  523.5,9.39E+05,,,,,,,,,,,,,,,,,,,,,,,,
  524.5,8.53E+05,,,,,,,,,,,,,,,,,,,,,,,,
  525.5,7.64E+05,,,,,,,,,,,,,,,,,,,,,,,,
  526.5,6.74E+05,,,,,,,,,,,,,,,,,,,,,,,,
  527.6,5.77E+05,,,,,,,,,,,,,,,,,,,,,,,,
  528.6,4.94E+05,,,,,,,,,,,,,,,,,,,,,,,,
  529.6,4.17E+05,,,,,,,,,,,,,,,,,,,,,,,,
  530.6,3.48E+05,,,,,,,,,,,,,,,,,,,,,,,,
  531.6,2.87E+05,,,,,,,,,,,,,,,,,,,,,,,,
  532.7,2.30E+05,,,,,,,,,,,,,,,,,,,,,,,,
  533.7,1.87E+05,,,,,,,,,,,,,,,,,,,,,,,,
  534.7,1.51E+05,,,,,,,,,,,,,,,,,,,,,,,,
  535.7,1.23E+05,,,,,,,,,,,,,,,,,,,,,,,,
  536.7,1.01E+05,,,,,,,,,,,,,,,,,,,,,,,,
  537.8,8.25E+04,,,,,,,,,,,,,,,,,,,,,,,,
  538.8,7.06E+04,,,,,,,,,,,,,,,,,,,,,,,,
  539.8,6.24E+04,,,,,,,,,,,,,,,,,,,,,,,,
  540.8,5.72E+04,,,,,,,,,,,,,,,,,,,,,,,,
  541.8,5.46E+04,,,,,,,,,,,,,,,,,,,,,,,,
  542.9,5.41E+04,,,,,,,,,,,,,,,,,,,,,,,,
  543.9,5.53E+04,,,,,,,,,,,,,,,,,,,,,,,,
  544.9,5.79E+04,,,,,,,,,,,,,,,,,,,,,,,,
  545.9,6.16E+04,,,,,,,,,,,,,,,,,,,,,,,,
  546.9,6.60E+04,,,,,,,,,,,,,,,,,,,,,,,,
  548,7.15E+04,,,,,,,,,,,,,,,,,,,,,,,,
  549,7.67E+04,,,,,,,,,,,,,,,,,,,,,,,,
  550,8.21E+04,,,,,,,,,,,,,,,,,,,,,,,,
  551,8.72E+04,,,,,,,,,,,,,,,,,,,,,,,,
  552,9.19E+04,,,,,,,,,,,,,,,,,,,,,,,,
  553.1,9.63E+04,,,,,,,,,,,,,,,,,,,,,,,,
  554.1,9.95E+04,,,,,,,,,,,,,,,,,,,,,,,,
  555.1,1.02E+05,,,,,,,,,,,,,,,,,,,,,,,,
  556.1,1.03E+05,,,,,,,,,,,,,,,,,,,,,,,,
  557.1,1.03E+05,,,,,,,,,,,,,,,,,,,,,,,,
  558.2,1.01E+05,,,,,,,,,,,,,,,,,,,,,,,,
  559.2,9.86E+04,,,,,,,,,,,,,,,,,,,,,,,,
  560.2,9.50E+04,,,,,,,,,,,,,,,,,,,,,,,,
  561.2,9.04E+04,,,,,,,,,,,,,,,,,,,,,,,,
  562.2,8.50E+04,,,,,,,,,,,,,,,,,,,,,,,,
  563.3,7.83E+04,,,,,,,,,,,,,,,,,,,,,,,,
  564.3,7.18E+04,,,,,,,,,,,,,,,,,,,,,,,,
  565.3,6.51E+04,,,,,,,,,,,,,,,,,,,,,,,,
  566.3,5.84E+04,,,,,,,,,,,,,,,,,,,,,,,,
  567.3,5.18E+04,,,,,,,,,,,,,,,,,,,,,,,,
  568.4,4.50E+04,,,,,,,,,,,,,,,,,,,,,,,,
  569.4,3.92E+04,,,,,,,,,,,,,,,,,,,,,,,,
  570.4,3.40E+04,,,,,,,,,,,,,,,,,,,,,,,,
  571.4,2.94E+04,,,,,,,,,,,,,,,,,,,,,,,,
  572.4,2.53E+04,,,,,,,,,,,,,,,,,,,,,,,,
  573.5,2.16E+04,,,,,,,,,,,,,,,,,,,,,,,,
  574.5,1.88E+04,,,,,,,,,,,,,,,,,,,,,,,,
  575.5,1.66E+04,,,,,,,,,,,,,,,,,,,,,,,,
  576.5,1.48E+04,,,,,,,,,,,,,,,,,,,,,,,,
  577.6,1.34E+04,,,,,,,,,,,,,,,,,,,,,,,,
  578.6,1.24E+04,,,,,,,,,,,,,,,,,,,,,,,,
  579.6,1.17E+04,,,,,,,,,,,,,,,,,,,,,,,,
  580.6,1.12E+04,,,,,,,,,,,,,,,,,,,,,,,,
  581.6,1.09E+04,,,,,,,,,,,,,,,,,,,,,,,,
  582.7,1.07E+04,,,,,,,,,,,,,,,,,,,,,,,,
  583.7,1.07E+04,,,,,,,,,,,,,,,,,,,,,,,,
  584.7,1.07E+04,,,,,,,,,,,,,,,,,,,,,,,,
  585.7,1.07E+04,,,,,,,,,,,,,,,,,,,,,,,,
  586.7,1.08E+04,,,,,,,,,,,,,,,,,,,,,,,,
  587.8,1.09E+04,,,,,,,,,,,,,,,,,,,,,,,,
  588.8,1.10E+04,,,,,,,,,,,,,,,,,,,,,,,,
  589.8,1.12E+04,,,,,,,,,,,,,,,,,,,,,,,,
  590.8,1.15E+04,,,,,,,,,,,,,,,,,,,,,,,,
  591.8,1.18E+04,,,,,,,,,,,,,,,,,,,,,,,,
  592.9,1.23E+04,,,,,,,,,,,,,,,,,,,,,,,,
  593.9,1.30E+04,,,,,,,,,,,,,,,,,,,,,,,,
  594.9,1.38E+04,,,,,,,,,,,,,,,,,,,,,,,,
  595.9,1.48E+04,,,,,,,,,,,,,,,,,,,,,,,,
  596.9,1.61E+04,,,,,,,,,,,,,,,,,,,,,,,,
  598,1.80E+04,,,,,,,,,,,,,,,,,,,,,,,,
  599,2.02E+04,,,,,,,,,,,,,,,,,,,,,,,,
  600,2.29E+04,,,,,,,,,,,,,,,,,,,,,,,,
  601,2.63E+04,,,,,,,,,,,,,,,,,,,,,,,,
  602,3.05E+04,,,,,,,,,,,,,,,,,,,,,,,,
  603.1,3.62E+04,,,,,,,,,,,,,,,,,,,,,,,,
  604.1,4.25E+04,,,,,,,,,,,,,,,,,,,,,,,,
  605.1,5.01E+04,,,,,,,,,,,,,,,,,,,,,,,,
  606.1,5.91E+04,,,,,,,,,,,,,,,,,,,,,,,,
  607.1,6.96E+04,,,,,,,,,,,,,,,,,,,,,,,,
  608.2,8.31E+04,,,,,,,,,,,,,,,,,,,,,,,,
  609.2,9.72E+04,,,,,,,,,,,,,,,,,,,,,,,,
  610.2,1.13E+05,,,,,,,,,,,,,,,,,,,,,,,,
  611.2,1.31E+05,,,,,,,,,,,,,,,,,,,,,,,,
  612.2,1.50E+05,,,,,,,,,,,,,,,,,,,,,,,,
  613.3,1.73E+05,,,,,,,,,,,,,,,,,,,,,,,,
  614.3,1.95E+05,,,,,,,,,,,,,,,,,,,,,,,,
  615.3,2.18E+05,,,,,,,,,,,,,,,,,,,,,,,,
  616.3,2.42E+05,,,,,,,,,,,,,,,,,,,,,,,,
  617.3,2.66E+05,,,,,,,,,,,,,,,,,,,,,,,,
  618.4,2.93E+05,,,,,,,,,,,,,,,,,,,,,,,,
  619.4,3.16E+05,,,,,,,,,,,,,,,,,,,,,,,,
  620.4,3.39E+05,,,,,,,,,,,,,,,,,,,,,,,,
  621.4,3.61E+05,,,,,,,,,,,,,,,,,,,,,,,,
  622.4,3.81E+05,,,,,,,,,,,,,,,,,,,,,,,,
  623.5,4.01E+05,,,,,,,,,,,,,,,,,,,,,,,,
  624.5,4.17E+05,,,,,,,,,,,,,,,,,,,,,,,,
  625.5,4.31E+05,,,,,,,,,,,,,,,,,,,,,,,,
  626.5,4.42E+05,,,,,,,,,,,,,,,,,,,,,,,,
  627.6,4.51E+05,,,,,,,,,,,,,,,,,,,,,,,,
  628.6,4.57E+05,,,,,,,,,,,,,,,,,,,,,,,,
  629.6,4.59E+05,,,,,,,,,,,,,,,,,,,,,,,,
  630.6,4.59E+05,,,,,,,,,,,,,,,,,,,,,,,,
  631.6,4.56E+05,,,,,,,,,,,,,,,,,,,,,,,,
  632.7,4.50E+05,,,,,,,,,,,,,,,,,,,,,,,,
  633.7,4.41E+05,,,,,,,,,,,,,,,,,,,,,,,,
  634.7,4.29E+05,,,,,,,,,,,,,,,,,,,,,,,,
  635.7,4.15E+05,,,,,,,,,,,,,,,,,,,,,,,,
  636.7,3.98E+05,,,,,,,,,,,,,,,,,,,,,,,,
  637.8,3.78E+05,,,,,,,,,,,,,,,,,,,,,,,,
  638.8,3.57E+05,,,,,,,,,,,,,,,,,,,,,,,,
  639.8,3.34E+05,,,,,,,,,,,,,,,,,,,,,,,,
  640.8,3.11E+05,,,,,,,,,,,,,,,,,,,,,,,,
  641.8,2.86E+05,,,,,,,,,,,,,,,,,,,,,,,,
  642.9,2.58E+05,,,,,,,,,,,,,,,,,,,,,,,,
  643.9,2.33E+05,,,,,,,,,,,,,,,,,,,,,,,,
  644.9,2.09E+05,,,,,,,,,,,,,,,,,,,,,,,,
  645.9,1.85E+05,,,,,,,,,,,,,,,,,,,,,,,,
  646.9,1.62E+05,,,,,,,,,,,,,,,,,,,,,,,,
  648,1.39E+05,,,,,,,,,,,,,,,,,,,,,,,,
  649,1.19E+05,,,,,,,,,,,,,,,,,,,,,,,,
  650,1.01E+05,,,,,,,,,,,,,,,,,,,,,,,,
  651,8.50E+04,,,,,,,,,,,,,,,,,,,,,,,,
  652,7.08E+04,,,,,,,,,,,,,,,,,,,,,,,,
  653.1,5.73E+04,,,,,,,,,,,,,,,,,,,,,,,,
  654.1,4.69E+04,,,,,,,,,,,,,,,,,,,,,,,,
  655.1,3.82E+04,,,,,,,,,,,,,,,,,,,,,,,,
  656.1,3.10E+04,,,,,,,,,,,,,,,,,,,,,,,,
  657.1,2.53E+04,,,,,,,,,,,,,,,,,,,,,,,,
  658.2,2.05E+04,,,,,,,,,,,,,,,,,,,,,,,,
  659.2,1.74E+04,,,,,,,,,,,,,,,,,,,,,,,,
  660.2,1.54E+04,,,,,,,,,,,,,,,,,,,,,,,,
  661.2,1.43E+04,,,,,,,,,,,,,,,,,,,,,,,,
  662.2,1.42E+04,,,,,,,,,,,,,,,,,,,,,,,,
  663.3,1.50E+04,,,,,,,,,,,,,,,,,,,,,,,,
  664.3,1.66E+04,,,,,,,,,,,,,,,,,,,,,,,,
  665.3,1.90E+04,,,,,,,,,,,,,,,,,,,,,,,,
  666.3,2.23E+04,,,,,,,,,,,,,,,,,,,,,,,,
  667.3,2.63E+04,,,,,,,,,,,,,,,,,,,,,,,,
  668.4,3.18E+04,,,,,,,,,,,,,,,,,,,,,,,,
  669.4,3.77E+04,,,,,,,,,,,,,,,,,,,,,,,,
  670.4,4.46E+04,,,,,,,,,,,,,,,,,,,,,,,,
  671.4,5.25E+04,,,,,,,,,,,,,,,,,,,,,,,,
  672.4,6.14E+04,,,,,,,,,,,,,,,,,,,,,,,,
  673.5,7.24E+04,,,,,,,,,,,,,,,,,,,,,,,,
  674.5,8.35E+04,,,,,,,,,,,,,,,,,,,,,,,,
  675.5,9.57E+04,,,,,,,,,,,,,,,,,,,,,,,,
  676.5,1.09E+05,,,,,,,,,,,,,,,,,,,,,,,,
  677.6,1.25E+05,,,,,,,,,,,,,,,,,,,,,,,,
  678.6,1.41E+05,,,,,,,,,,,,,,,,,,,,,,,,
  679.6,1.58E+05,,,,,,,,,,,,,,,,,,,,,,,,
  680.6,1.75E+05,,,,,,,,,,,,,,,,,,,,,,,,
  681.6,1.94E+05,,,,,,,,,,,,,,,,,,,,,,,,
  682.7,2.17E+05,,,,,,,,,,,,,,,,,,,,,,,,
  683.7,2.38E+05,,,,,,,,,,,,,,,,,,,,,,,,
  684.7,2.60E+05,,,,,,,,,,,,,,,,,,,,,,,,
  685.7,2.84E+05,,,,,,,,,,,,,,,,,,,,,,,,
  686.7,3.09E+05,,,,,,,,,,,,,,,,,,,,,,,,
  687.8,3.37E+05,,,,,,,,,,,,,,,,,,,,,,,,
  688.8,3.64E+05,,,,,,,,,,,,,,,,,,,,,,,,
  689.8,3.92E+05,,,,,,,,,,,,,,,,,,,,,,,,
  690.8,4.21E+05,,,,,,,,,,,,,,,,,,,,,,,,
  691.8,4.50E+05,,,,,,,,,,,,,,,,,,,,,,,,
  692.9,4.84E+05,,,,,,,,,,,,,,,,,,,,,,,,
  693.9,5.14E+05,,,,,,,,,,,,,,,,,,,,,,,,
  694.9,5.44E+05,,,,,,,,,,,,,,,,,,,,,,,,
  695.9,5.74E+05,,,,,,,,,,,,,,,,,,,,,,,,
  696.9,6.03E+05,,,,,,,,,,,,,,,,,,,,,,,,
  698,6.32E+05,,,,,,,,,,,,,,,,,,,,,,,,
  699,6.57E+05,,,,,,,,,,,,,,,,,,,,,,,,
  700,6.79E+05,,,,,,,,,,,,,,,,,,,,,,,,
  701,6.98E+05,,,,,,,,,,,,,,,,,,,,,,,,
  702,7.13E+05,,,,,,,,,,,,,,,,,,,,,,,,
  703.1,7.24E+05,,,,,,,,,,,,,,,,,,,,,,,,
  704.1,7.29E+05,,,,,,,,,,,,,,,,,,,,,,,,
  705.1,7.29E+05,,,,,,,,,,,,,,,,,,,,,,,,
  706.1,7.24E+05,,,,,,,,,,,,,,,,,,,,,,,,
  707.1,7.14E+05,,,,,,,,,,,,,,,,,,,,,,,,
  708.2,6.97E+05,,,,,,,,,,,,,,,,,,,,,,,,
  709.2,6.78E+05,,,,,,,,,,,,,,,,,,,,,,,,
  710.2,6.54E+05,,,,,,,,,,,,,,,,,,,,,,,,
  711.2,6.27E+05,,,,,,,,,,,,,,,,,,,,,,,,
  712.2,5.97E+05,,,,,,,,,,,,,,,,,,,,,,,,
  713.3,5.62E+05,,,,,,,,,,,,,,,,,,,,,,,,
  714.3,5.29E+05,,,,,,,,,,,,,,,,,,,,,,,,
  715.3,4.97E+05,,,,,,,,,,,,,,,,,,,,,,,,
  716.3,4.65E+05,,,,,,,,,,,,,,,,,,,,,,,,
  717.3,4.34E+05,,,,,,,,,,,,,,,,,,,,,,,,
  718.4,4.03E+05,,,,,,,,,,,,,,,,,,,,,,,,
  719.4,3.78E+05,,,,,,,,,,,,,,,,,,,,,,,,
  720.4,3.56E+05,,,,,,,,,,,,,,,,,,,,,,,,
  721.4,3.38E+05,,,,,,,,,,,,,,,,,,,,,,,,
  722.4,3.23E+05,,,,,,,,,,,,,,,,,,,,,,,,
  723.5,3.11E+05,,,,,,,,,,,,,,,,,,,,,,,,
  724.5,3.03E+05,,,,,,,,,,,,,,,,,,,,,,,,
  725.5,2.99E+05,,,,,,,,,,,,,,,,,,,,,,,,
  726.5,2.98E+05,,,,,,,,,,,,,,,,,,,,,,,,
  727.6,2.99E+05,,,,,,,,,,,,,,,,,,,,,,,,
  728.6,3.02E+05,,,,,,,,,,,,,,,,,,,,,,,,
  729.6,3.07E+05,,,,,,,,,,,,,,,,,,,,,,,,
  730.6,3.12E+05,,,,,,,,,,,,,,,,,,,,,,,,
  731.6,3.17E+05,,,,,,,,,,,,,,,,,,,,,,,,
  732.7,3.23E+05,,,,,,,,,,,,,,,,,,,,,,,,
  733.7,3.27E+05,,,,,,,,,,,,,,,,,,,,,,,,
  734.7,3.30E+05,,,,,,,,,,,,,,,,,,,,,,,,
  735.7,3.31E+05,,,,,,,,,,,,,,,,,,,,,,,,
  736.7,3.31E+05,,,,,,,,,,,,,,,,,,,,,,,,
  737.8,3.28E+05,,,,,,,,,,,,,,,,,,,,,,,,
  738.8,3.23E+05,,,,,,,,,,,,,,,,,,,,,,,,
  739.8,3.16E+05,,,,,,,,,,,,,,,,,,,,,,,,
  740.8,3.07E+05,,,,,,,,,,,,,,,,,,,,,,,,
  741.8,2.97E+05,,,,,,,,,,,,,,,,,,,,,,,,
  742.9,2.83E+05,,,,,,,,,,,,,,,,,,,,,,,,
  743.9,2.69E+05,,,,,,,,,,,,,,,,,,,,,,,,
  744.9,2.55E+05,,,,,,,,,,,,,,,,,,,,,,,,
  745.9,2.39E+05,,,,,,,,,,,,,,,,,,,,,,,,
  746.9,2.23E+05,,,,,,,,,,,,,,,,,,,,,,,,
  748,2.06E+05,,,,,,,,,,,,,,,,,,,,,,,,
  749,1.90E+05,,,,,,,,,,,,,,,,,,,,,,,,
  750,1.75E+05,,,,,,,,,,,,,,,,,,,,,,,,
  751,1.61E+05,,,,,,,,,,,,,,,,,,,,,,,,
  752,1.49E+05,,,,,,,,,,,,,,,,,,,,,,,,
  753.1,1.36E+05,,,,,,,,,,,,,,,,,,,,,,,,
  754.1,1.26E+05,,,,,,,,,,,,,,,,,,,,,,,,
  755.1,1.18E+05,,,,,,,,,,,,,,,,,,,,,,,,
  756.1,1.12E+05,,,,,,,,,,,,,,,,,,,,,,,,
  757.1,1.08E+05,,,,,,,,,,,,,,,,,,,,,,,,
  758.2,1.06E+05,,,,,,,,,,,,,,,,,,,,,,,,
  759.2,1.06E+05,,,,,,,,,,,,,,,,,,,,,,,,
  760.2,1.09E+05,,,,,,,,,,,,,,,,,,,,,,,,
  761.2,1.14E+05,,,,,,,,,,,,,,,,,,,,,,,,
  762.2,1.21E+05,,,,,,,,,,,,,,,,,,,,,,,,
  763.3,1.32E+05,,,,,,,,,,,,,,,,,,,,,,,,
  764.3,1.45E+05,,,,,,,,,,,,,,,,,,,,,,,,
  765.3,1.59E+05,,,,,,,,,,,,,,,,,,,,,,,,
  766.3,1.76E+05,,,,,,,,,,,,,,,,,,,,,,,,
  767.3,1.95E+05,,,,,,,,,,,,,,,,,,,,,,,,
  768.4,2.18E+05,,,,,,,,,,,,,,,,,,,,,,,,
  769.4,2.41E+05,,,,,,,,,,,,,,,,,,,,,,,,
  770.4,2.65E+05,,,,,,,,,,,,,,,,,,,,,,,,
  771.4,2.90E+05,,,,,,,,,,,,,,,,,,,,,,,,
  772.4,3.15E+05,,,,,,,,,,,,,,,,,,,,,,,,
  773.5,3.44E+05,,,,,,,,,,,,,,,,,,,,,,,,
  774.5,3.70E+05,,,,,,,,,,,,,,,,,,,,,,,,
  775.5,3.95E+05,,,,,,,,,,,,,,,,,,,,,,,,
  776.5,4.18E+05,,,,,,,,,,,,,,,,,,,,,,,,
  777.6,4.42E+05,,,,,,,,,,,,,,,,,,,,,,,,
  778.6,4.62E+05,,,,,,,,,,,,,,,,,,,,,,,,
  779.6,4.79E+05,,,,,,,,,,,,,,,,,,,,,,,,
  780.6,4.92E+05,,,,,,,,,,,,,,,,,,,,,,,,
  781.6,5.03E+05,,,,,,,,,,,,,,,,,,,,,,,,
  782.7,5.10E+05,,,,,,,,,,,,,,,,,,,,,,,,
  783.7,5.13E+05,,,,,,,,,,,,,,,,,,,,,,,,
  784.7,5.12E+05,,,,,,,,,,,,,,,,,,,,,,,,
  785.7,5.07E+05,,,,,,,,,,,,,,,,,,,,,,,,
  786.7,4.98E+05,,,,,,,,,,,,,,,,,,,,,,,,
  787.8,4.85E+05,,,,,,,,,,,,,,,,,,,,,,,,
  788.8,4.69E+05,,,,,,,,,,,,,,,,,,,,,,,,
  789.8,4.50E+05,,,,,,,,,,,,,,,,,,,,,,,,
  790.8,4.29E+05,,,,,,,,,,,,,,,,,,,,,,,,
  791.8,4.06E+05,,,,,,,,,,,,,,,,,,,,,,,,
  792.9,3.78E+05,,,,,,,,,,,,,,,,,,,,,,,,
  793.9,3.52E+05,,,,,,,,,,,,,,,,,,,,,,,,
  794.9,3.26E+05,,,,,,,,,,,,,,,,,,,,,,,,
  795.9,2.99E+05,,,,,,,,,,,,,,,,,,,,,,,,
  796.9,2.72E+05,,,,,,,,,,,,,,,,,,,,,,,,
  798,2.44E+05,,,,,,,,,,,,,,,,,,,,,,,,
  799,2.19E+05,,,,,,,,,,,,,,,,,,,,,,,,
  800,1.95E+05,,,,,,,,,,,,,,,,,,,,,,,,
  801,1.73E+05,,,,,,,,,,,,,,,,,,,,,,,,
  802,1.53E+05,,,,,,,,,,,,,,,,,,,,,,,,
  803.1,1.32E+05,,,,,,,,,,,,,,,,,,,,,,,,
  804.1,1.15E+05,,,,,,,,,,,,,,,,,,,,,,,,
  805.1,9.99E+04,,,,,,,,,,,,,,,,,,,,,,,,
  806.1,8.65E+04,,,,,,,,,,,,,,,,,,,,,,,,
  807.1,7.48E+04,,,,,,,,,,,,,,,,,,,,,,,,
  808.2,6.39E+04,,,,,,,,,,,,,,,,,,,,,,,,
  809.2,5.55E+04,,,,,,,,,,,,,,,,,,,,,,,,
  810.2,4.84E+04,,,,,,,,,,,,,,,,,,,,,,,,
  811.2,4.27E+04,,,,,,,,,,,,,,,,,,,,,,,,
  812.2,3.80E+04,,,,,,,,,,,,,,,,,,,,,,,,
  813.3,3.40E+04,,,,,,,,,,,,,,,,,,,,,,,,
  814.3,3.12E+04,,,,,,,,,,,,,,,,,,,,,,,,
  815.3,2.92E+04,,,,,,,,,,,,,,,,,,,,,,,,
  816.3,2.77E+04,,,,,,,,,,,,,,,,,,,,,,,,
  817.3,2.68E+04,,,,,,,,,,,,,,,,,,,,,,,,
  818.4,2.62E+04,,,,,,,,,,,,,,,,,,,,,,,,
  819.4,2.60E+04,,,,,,,,,,,,,,,,,,,,,,,,
  820.4,2.61E+04,,,,,,,,,,,,,,,,,,,,,,,,
  821.4,2.63E+04,,,,,,,,,,,,,,,,,,,,,,,,
  822.4,2.67E+04,,,,,,,,,,,,,,,,,,,,,,,,
  823.5,2.72E+04,,,,,,,,,,,,,,,,,,,,,,,,
  824.5,2.77E+04,,,,,,,,,,,,,,,,,,,,,,,,
  825.5,2.82E+04,,,,,,,,,,,,,,,,,,,,,,,,
  826.5,2.87E+04,,,,,,,,,,,,,,,,,,,,,,,,
  827.6,2.92E+04,,,,,,,,,,,,,,,,,,,,,,,,
  828.6,2.97E+04,,,,,,,,,,,,,,,,,,,,,,,,
  829.6,3.01E+04,,,,,,,,,,,,,,,,,,,,,,,,
  830.6,3.05E+04,,,,,,,,,,,,,,,,,,,,,,,,
  831.6,3.09E+04,,,,,,,,,,,,,,,,,,,,,,,,
  832.7,3.14E+04,,,,,,,,,,,,,,,,,,,,,,,,
  833.7,3.20E+04,,,,,,,,,,,,,,,,,,,,,,,,
  834.7,3.26E+04,,,,,,,,,,,,,,,,,,,,,,,,
  835.7,3.33E+04,,,,,,,,,,,,,,,,,,,,,,,,
  836.7,3.43E+04,,,,,,,,,,,,,,,,,,,,,,,,
  837.8,3.56E+04,,,,,,,,,,,,,,,,,,,,,,,,
  838.8,3.72E+04,,,,,,,,,,,,,,,,,,,,,,,,
  839.8,3.93E+04,,,,,,,,,,,,,,,,,,,,,,,,
  840.8,4.18E+04,,,,,,,,,,,,,,,,,,,,,,,,
  841.8,4.50E+04,,,,,,,,,,,,,,,,,,,,,,,,
  842.9,4.94E+04,,,,,,,,,,,,,,,,,,,,,,,,
  843.9,5.44E+04,,,,,,,,,,,,,,,,,,,,,,,,
  844.9,6.03E+04,,,,,,,,,,,,,,,,,,,,,,,,
  845.9,6.74E+04,,,,,,,,,,,,,,,,,,,,,,,,
  846.9,7.58E+04,,,,,,,,,,,,,,,,,,,,,,,,
  848,8.67E+04,,,,,,,,,,,,,,,,,,,,,,,,
  849,9.83E+04,,,,,,,,,,,,,,,,,,,,,,,,
  850,1.12E+05,,,,,,,,,,,,,,,,,,,,,,,,
  851,1.27E+05,,,,,,,,,,,,,,,,,,,,,,,,
  852,1.44E+05,,,,,,,,,,,,,,,,,,,,,,,,
  853.1,1.65E+05,,,,,,,,,,,,,,,,,,,,,,,,
  854.1,1.87E+05,,,,,,,,,,,,,,,,,,,,,,,,
  855.1,2.11E+05,,,,,,,,,,,,,,,,,,,,,,,,
  856.1,2.37E+05,,,,,,,,,,,,,,,,,,,,,,,,
  857.1,2.65E+05,,,,,,,,,,,,,,,,,,,,,,,,
  858.2,2.98E+05,,,,,,,,,,,,,,,,,,,,,,,,
  859.2,3.30E+05,,,,,,,,,,,,,,,,,,,,,,,,
  860.2,3.64E+05,,,,,,,,,,,,,,,,,,,,,,,,
  861.2,4.00E+05,,,,,,,,,,,,,,,,,,,,,,,,
  862.2,4.36E+05,,,,,,,,,,,,,,,,,,,,,,,,
  863.3,4.78E+05,,,,,,,,,,,,,,,,,,,,,,,,
  864.3,5.16E+05,,,,,,,,,,,,,,,,,,,,,,,,
  865.3,5.54E+05,,,,,,,,,,,,,,,,,,,,,,,,
  866.3,5.91E+05,,,,,,,,,,,,,,,,,,,,,,,,
  867.3,6.28E+05,,,,,,,,,,,,,,,,,,,,,,,,
  868.4,6.66E+05,,,,,,,,,,,,,,,,,,,,,,,,
  869.4,6.99E+05,,,,,,,,,,,,,,,,,,,,,,,,
  870.4,7.29E+05,,,,,,,,,,,,,,,,,,,,,,,,
  871.4,7.56E+05,,,,,,,,,,,,,,,,,,,,,,,,
  872.4,7.79E+05,,,,,,,,,,,,,,,,,,,,,,,,
  873.5,8.00E+05,,,,,,,,,,,,,,,,,,,,,,,,
  874.5,8.15E+05,,,,,,,,,,,,,,,,,,,,,,,,
  875.5,8.25E+05,,,,,,,,,,,,,,,,,,,,,,,,
  876.5,8.30E+05,,,,,,,,,,,,,,,,,,,,,,,,
  877.6,8.30E+05,,,,,,,,,,,,,,,,,,,,,,,,
  878.6,8.25E+05,,,,,,,,,,,,,,,,,,,,,,,,
  879.6,8.15E+05,,,,,,,,,,,,,,,,,,,,,,,,
  880.6,8.00E+05,,,,,,,,,,,,,,,,,,,,,,,,
  881.6,7.81E+05,,,,,,,,,,,,,,,,,,,,,,,,
  882.7,7.55E+05,,,,,,,,,,,,,,,,,,,,,,,,
  883.7,7.28E+05,,,,,,,,,,,,,,,,,,,,,,,,
  884.7,6.97E+05,,,,,,,,,,,,,,,,,,,,,,,,
  885.7,6.64E+05,,,,,,,,,,,,,,,,,,,,,,,,
  886.7,6.28E+05,,,,,,,,,,,,,,,,,,,,,,,,
  887.8,5.88E+05,,,,,,,,,,,,,,,,,,,,,,,,
  888.8,5.50E+05,,,,,,,,,,,,,,,,,,,,,,,,
  889.8,5.11E+05,,,,,,,,,,,,,,,,,,,,,,,,
  890.8,4.72E+05,,,,,,,,,,,,,,,,,,,,,,,,
  891.8,4.34E+05,,,,,,,,,,,,,,,,,,,,,,,,
  892.9,3.93E+05,,,,,,,,,,,,,,,,,,,,,,,,
  893.9,3.57E+05,,,,,,,,,,,,,,,,,,,,,,,,
  894.9,3.23E+05,,,,,,,,,,,,,,,,,,,,,,,,
  895.9,2.91E+05,,,,,,,,,,,,,,,,,,,,,,,,
  896.9,2.61E+05,,,,,,,,,,,,,,,,,,,,,,,,
  898,2.31E+05,,,,,,,,,,,,,,,,,,,,,,,,
  899,2.06E+05,,,,,,,,,,,,,,,,,,,,,,,,
  900,1.83E+05,,,,,,,,,,,,,,,,,,,,,,,,
  901,1.63E+05,,,,,,,,,,,,,,,,,,,,,,,,
  902,1.45E+05,,,,,,,,,,,,,,,,,,,,,,,,
  903.1,1.29E+05,,,,,,,,,,,,,,,,,,,,,,,,
  904.1,1.16E+05,,,,,,,,,,,,,,,,,,,,,,,,
  905.1,1.05E+05,,,,,,,,,,,,,,,,,,,,,,,,
  906.1,9.61E+04,,,,,,,,,,,,,,,,,,,,,,,,
  907.1,8.90E+04,,,,,,,,,,,,,,,,,,,,,,,,
  908.2,8.31E+04,,,,,,,,,,,,,,,,,,,,,,,,
  909.2,7.92E+04,,,,,,,,,,,,,,,,,,,,,,,,
  910.2,7.66E+04,,,,,,,,,,,,,,,,,,,,,,,,
  911.2,7.51E+04,,,,,,,,,,,,,,,,,,,,,,,,
  912.2,7.46E+04,,,,,,,,,,,,,,,,,,,,,,,,
  913.3,7.48E+04,,,,,,,,,,,,,,,,,,,,,,,,
  914.3,7.56E+04,,,,,,,,,,,,,,,,,,,,,,,,
  915.3,7.69E+04,,,,,,,,,,,,,,,,,,,,,,,,
  916.3,7.86E+04,,,,,,,,,,,,,,,,,,,,,,,,
  917.3,8.04E+04,,,,,,,,,,,,,,,,,,,,,,,,
  918.4,8.25E+04,,,,,,,,,,,,,,,,,,,,,,,,
  919.4,8.44E+04,,,,,,,,,,,,,,,,,,,,,,,,
  920.4,8.63E+04,,,,,,,,,,,,,,,,,,,,,,,,
  921.4,8.79E+04,,,,,,,,,,,,,,,,,,,,,,,,
  922.4,8.93E+04,,,,,,,,,,,,,,,,,,,,,,,,
  923.5,9.05E+04,,,,,,,,,,,,,,,,,,,,,,,,
  924.5,9.12E+04,,,,,,,,,,,,,,,,,,,,,,,,
  925.5,9.15E+04,,,,,,,,,,,,,,,,,,,,,,,,
  926.5,9.15E+04,,,,,,,,,,,,,,,,,,,,,,,,
  927.6,9.09E+04,,,,,,,,,,,,,,,,,,,,,,,,
  928.6,9.00E+04,,,,,,,,,,,,,,,,,,,,,,,,
  929.6,8.87E+04,,,,,,,,,,,,,,,,,,,,,,,,
  930.6,8.70E+04,,,,,,,,,,,,,,,,,,,,,,,,
  931.6,8.50E+04,,,,,,,,,,,,,,,,,,,,,,,,
  932.7,8.23E+04,,,,,,,,,,,,,,,,,,,,,,,,
  933.7,7.96E+04,,,,,,,,,,,,,,,,,,,,,,,,
  934.7,7.66E+04,,,,,,,,,,,,,,,,,,,,,,,,
  935.7,7.35E+04,,,,,,,,,,,,,,,,,,,,,,,,
  936.7,7.01E+04,,,,,,,,,,,,,,,,,,,,,,,,
  937.8,6.63E+04,,,,,,,,,,,,,,,,,,,,,,,,
  938.8,6.27E+04,,,,,,,,,,,,,,,,,,,,,,,,
  939.8,5.91E+04,,,,,,,,,,,,,,,,,,,,,,,,
  940.8,5.55E+04,,,,,,,,,,,,,,,,,,,,,,,,
  941.8,5.19E+04,,,,,,,,,,,,,,,,,,,,,,,,
  942.9,4.80E+04,,,,,,,,,,,,,,,,,,,,,,,,
  943.9,4.46E+04,,,,,,,,,,,,,,,,,,,,,,,,
  944.9,4.14E+04,,,,,,,,,,,,,,,,,,,,,,,,
  945.9,3.82E+04,,,,,,,,,,,,,,,,,,,,,,,,
  946.9,3.53E+04,,,,,,,,,,,,,,,,,,,,,,,,
  948,3.22E+04,,,,,,,,,,,,,,,,,,,,,,,,
  949,2.96E+04,,,,,,,,,,,,,,,,,,,,,,,,
  950,2.72E+04,,,,,,,,,,,,,,,,,,,,,,,,
  951,2.50E+04,,,,,,,,,,,,,,,,,,,,,,,,
  952,2.30E+04,,,,,,,,,,,,,,,,,,,,,,,,
  953.1,2.10E+04,,,,,,,,,,,,,,,,,,,,,,,,
  954.1,1.94E+04,,,,,,,,,,,,,,,,,,,,,,,,
  955.1,1.79E+04,,,,,,,,,,,,,,,,,,,,,,,,
  956.1,1.66E+04,,,,,,,,,,,,,,,,,,,,,,,,
  957.1,1.54E+04,,,,,,,,,,,,,,,,,,,,,,,,
  958.2,1.42E+04,,,,,,,,,,,,,,,,,,,,,,,,
  959.2,1.33E+04,,,,,,,,,,,,,,,,,,,,,,,,
  960.2,1.25E+04,,,,,,,,,,,,,,,,,,,,,,,,
  961.2,1.18E+04,,,,,,,,,,,,,,,,,,,,,,,,
  962.2,1.12E+04,,,,,,,,,,,,,,,,,,,,,,,,
  963.3,1.06E+04,,,,,,,,,,,,,,,,,,,,,,,,
  964.3,1.01E+04,,,,,,,,,,,,,,,,,,,,,,,,
  965.3,9.64E+03,,,,,,,,,,,,,,,,,,,,,,,,
  966.3,9.28E+03,,,,,,,,,,,,,,,,,,,,,,,,
  967.3,8.97E+03,,,,,,,,,,,,,,,,,,,,,,,,
  968.4,8.69E+03,,,,,,,,,,,,,,,,,,,,,,,,
  969.4,8.48E+03,,,,,,,,,,,,,,,,,,,,,,,,
  970.4,8.33E+03,,,,,,,,,,,,,,,,,,,,,,,,
  971.4,8.23E+03,,,,,,,,,,,,,,,,,,,,,,,,
  972.4,8.19E+03,,,,,,,,,,,,,,,,,,,,,,,,
  973.5,8.22E+03,,,,,,,,,,,,,,,,,,,,,,,,
  974.5,8.31E+03,,,,,,,,,,,,,,,,,,,,,,,,
  975.5,8.48E+03,,,,,,,,,,,,,,,,,,,,,,,,
  976.5,8.72E+03,,,,,,,,,,,,,,,,,,,,,,,,
  977.6,9.09E+03,,,,,,,,,,,,,,,,,,,,,,,,
  978.6,9.52E+03,,,,,,,,,,,,,,,,,,,,,,,,
  979.6,1.00E+04,,,,,,,,,,,,,,,,,,,,,,,,
  980.6,1.07E+04,,,,,,,,,,,,,,,,,,,,,,,,
  981.6,1.14E+04,,,,,,,,,,,,,,,,,,,,,,,,
  982.7,1.23E+04,,,,,,,,,,,,,,,,,,,,,,,,
  983.7,1.33E+04,,,,,,,,,,,,,,,,,,,,,,,,
  984.7,1.44E+04,,,,,,,,,,,,,,,,,,,,,,,,
  985.7,1.56E+04,,,,,,,,,,,,,,,,,,,,,,,,
  986.7,1.69E+04,,,,,,,,,,,,,,,,,,,,,,,,
  987.8,1.84E+04,,,,,,,,,,,,,,,,,,,,,,,,
  988.8,1.99E+04,,,,,,,,,,,,,,,,,,,,,,,,
  989.8,2.15E+04,,,,,,,,,,,,,,,,,,,,,,,,
  990.8,2.32E+04,,,,,,,,,,,,,,,,,,,,,,,,
  991.8,2.50E+04,,,,,,,,,,,,,,,,,,,,,,,,
  992.9,2.69E+04,,,,,,,,,,,,,,,,,,,,,,,,
  993.9,2.88E+04,,,,,,,,,,,,,,,,,,,,,,,,
  994.9,3.06E+04,,,,,,,,,,,,,,,,,,,,,,,,
  995.9,3.24E+04,,,,,,,,,,,,,,,,,,,,,,,,
  996.9,3.42E+04,,,,,,,,,,,,,,,,,,,,,,,,
  998,3.62E+04,,,,,,,,,,,,,,,,,,,,,,,,
  999,3.79E+04,,,,,,,,,,,,,,,,,,,,,,,,
 1000,3.94E+04,,,,,,,,,,,,,,,,,,,,,,,,
 1001,4.09E+04,,,,,,,,,,,,,,,,,,,,,,,,
 1002,4.23E+04,,,,,,,,,,,,,,,,,,,,,,,,
 1003.1,4.36E+04,,,,,,,,,,,,,,,,,,,,,,,,
 1004.1,4.46E+04,,,,,,,,,,,,,,,,,,,,,,,,
 1005.1,4.54E+04,,,,,,,,,,,,,,,,,,,,,,,,
 1006.1,4.60E+04,,,,,,,,,,,,,,,,,,,,,,,,
 1007.1,4.65E+04,,,,,,,,,,,,,,,,,,,,,,,,
 1008.2,4.67E+04,,,,,,,,,,,,,,,,,,,,,,,,
 1009.2,4.67E+04,,,,,,,,,,,,,,,,,,,,,,,,
 1010.2,4.64E+04,,,,,,,,,,,,,,,,,,,,,,,,
 1011.2,4.60E+04,,,,,,,,,,,,,,,,,,,,,,,,
 1012.2,4.53E+04,,,,,,,,,,,,,,,,,,,,,,,,
 1013.3,4.44E+04,,,,,,,,,,,,,,,,,,,,,,,,
 1014.3,4.33E+04,,,,,,,,,,,,,,,,,,,,,,,,
 1015.3,4.21E+04,,,,,,,,,,,,,,,,,,,,,,,,
 1016.3,4.07E+04,,,,,,,,,,,,,,,,,,,,,,,,
 1017.3,3.92E+04,,,,,,,,,,,,,,,,,,,,,,,,
 1018.4,3.74E+04,,,,,,,,,,,,,,,,,,,,,,,,
 1019.4,3.57E+04,,,,,,,,,,,,,,,,,,,,,,,,
 1020.4,3.39E+04,,,,,,,,,,,,,,,,,,,,,,,,
 1021.4,3.20E+04,,,,,,,,,,,,,,,,,,,,,,,,
 1022.4,3.01E+04,,,,,,,,,,,,,,,,,,,,,,,,
 1023.5,2.80E+04,,,,,,,,,,,,,,,,,,,,,,,,
 1024.5,2.61E+04,,,,,,,,,,,,,,,,,,,,,,,,
 1025.5,2.43E+04,,,,,,,,,,,,,,,,,,,,,,,,
 1026.5,2.24E+04,,,,,,,,,,,,,,,,,,,,,,,,
 1027.6,2.05E+04,,,,,,,,,,,,,,,,,,,,,,,,
 1028.6,1.88E+04,,,,,,,,,,,,,,,,,,,,,,,,
 1029.6,1.71E+04,,,,,,,,,,,,,,,,,,,,,,,,
 1030.6,1.56E+04,,,,,,,,,,,,,,,,,,,,,,,,
 1031.6,1.42E+04,,,,,,,,,,,,,,,,,,,,,,,,
 1032.7,1.27E+04,,,,,,,,,,,,,,,,,,,,,,,,
 1033.7,1.15E+04,,,,,,,,,,,,,,,,,,,,,,,,
 1034.7,1.04E+04,,,,,,,,,,,,,,,,,,,,,,,,
 1035.7,9.38E+03,,,,,,,,,,,,,,,,,,,,,,,,
 1036.7,8.49E+03,,,,,,,,,,,,,,,,,,,,,,,,
 1037.8,7.63E+03,,,,,,,,,,,,,,,,,,,,,,,,
 1038.8,6.97E+03,,,,,,,,,,,,,,,,,,,,,,,,
 1039.8,6.40E+03,,,,,,,,,,,,,,,,,,,,,,,,
 1040.8,5.94E+03,,,,,,,,,,,,,,,,,,,,,,,,
 1041.8,5.57E+03,,,,,,,,,,,,,,,,,,,,,,,,
 1042.9,5.28E+03,,,,,,,,,,,,,,,,,,,,,,,,
 1043.9,5.10E+03,,,,,,,,,,,,,,,,,,,,,,,,
 1044.9,5.01E+03,,,,,,,,,,,,,,,,,,,,,,,,
 1045.9,5.00E+03,,,,,,,,,,,,,,,,,,,,,,,,
 1046.9,5.07E+03,,,,,,,,,,,,,,,,,,,,,,,,
 1048,5.23E+03,,,,,,,,,,,,,,,,,,,,,,,,
 1049,5.46E+03,,,,,,,,,,,,,,,,,,,,,,,,
 1050,5.75E+03,,,,,,,,,,,,,,,,,,,,,,,,
 1051,6.12E+03,,,,,,,,,,,,,,,,,,,,,,,,
 1052,6.55E+03,,,,,,,,,,,,,,,,,,,,,,,,
 1053.1,7.10E+03,,,,,,,,,,,,,,,,,,,,,,,,
 1054.1,7.67E+03,,,,,,,,,,,,,,,,,,,,,,,,
 1055.1,8.31E+03,,,,,,,,,,,,,,,,,,,,,,,,
 1056.1,9.01E+03,,,,,,,,,,,,,,,,,,,,,,,,
 1057.1,9.78E+03,,,,,,,,,,,,,,,,,,,,,,,,
 1058.2,1.07E+04,,,,,,,,,,,,,,,,,,,,,,,,
 1059.2,1.16E+04,,,,,,,,,,,,,,,,,,,,,,,,
 1060.2,1.26E+04,,,,,,,,,,,,,,,,,,,,,,,,
 1061.2,1.37E+04,,,,,,,,,,,,,,,,,,,,,,,,
 1062.2,1.48E+04,,,,,,,,,,,,,,,,,,,,,,,,
 1063.3,1.62E+04,,,,,,,,,,,,,,,,,,,,,,,,
 1064.3,1.75E+04,,,,,,,,,,,,,,,,,,,,,,,,
 1065.3,1.90E+04,,,,,,,,,,,,,,,,,,,,,,,,
 1066.3,2.05E+04,,,,,,,,,,,,,,,,,,,,,,,,
 1067.3,2.22E+04,,,,,,,,,,,,,,,,,,,,,,,,
 1068.4,2.42E+04,,,,,,,,,,,,,,,,,,,,,,,,
 1069.4,2.62E+04,,,,,,,,,,,,,,,,,,,,,,,,
 1070.4,2.83E+04,,,,,,,,,,,,,,,,,,,,,,,,
 1071.4,3.06E+04,,,,,,,,,,,,,,,,,,,,,,,,
 1072.4,3.31E+04,,,,,,,,,,,,,,,,,,,,,,,,
 1073.5,3.62E+04,,,,,,,,,,,,,,,,,,,,,,,,
 1074.5,3.93E+04,,,,,,,,,,,,,,,,,,,,,,,,
 1075.5,4.27E+04,,,,,,,,,,,,,,,,,,,,,,,,
 1076.5,4.65E+04,,,,,,,,,,,,,,,,,,,,,,,,
 1077.6,5.11E+04,,,,,,,,,,,,,,,,,,,,,,,,
 1078.6,5.58E+04,,,,,,,,,,,,,,,,,,,,,,,,
 1079.6,6.11E+04,,,,,,,,,,,,,,,,,,,,,,,,
 1080.6,6.69E+04,,,,,,,,,,,,,,,,,,,,,,,,
 1081.6,7.35E+04,,,,,,,,,,,,,,,,,,,,,,,,
 1082.7,8.16E+04,,,,,,,,,,,,,,,,,,,,,,,,
 1083.7,8.98E+04,,,,,,,,,,,,,,,,,,,,,,,,
 1084.7,9.91E+04,,,,,,,,,,,,,,,,,,,,,,,,
 1085.7,1.09E+05,,,,,,,,,,,,,,,,,,,,,,,,
 1086.7,1.21E+05,,,,,,,,,,,,,,,,,,,,,,,,
 1087.8,1.35E+05,,,,,,,,,,,,,,,,,,,,,,,,
 1088.8,1.49E+05,,,,,,,,,,,,,,,,,,,,,,,,
 1089.8,1.65E+05,,,,,,,,,,,,,,,,,,,,,,,,
 1090.8,1.82E+05,,,,,,,,,,,,,,,,,,,,,,,,
 1091.8,2.01E+05,,,,,,,,,,,,,,,,,,,,,,,,
 1092.9,2.25E+05,,,,,,,,,,,,,,,,,,,,,,,,
 1093.9,2.48E+05,,,,,,,,,,,,,,,,,,,,,,,,
 1094.9,2.73E+05,,,,,,,,,,,,,,,,,,,,,,,,
 1095.9,3.00E+05,,,,,,,,,,,,,,,,,,,,,,,,
 1096.9,3.29E+05,,,,,,,,,,,,,,,,,,,,,,,,
 1098,3.63E+05,,,,,,,,,,,,,,,,,,,,,,,,
 1099,3.97E+05,,,,,,,,,,,,,,,,,,,,,,,,
 1100,4.32E+05,,,,,,,,,,,,,,,,,,,,,,,,
 1101,4.70E+05,,,,,,,,,,,,,,,,,,,,,,,,
 1102,5.10E+05,,,,,,,,,,,,,,,,,,,,,,,,
 1103.1,5.55E+05,,,,,,,,,,,,,,,,,,,,,,,,
 1104.1,5.98E+05,,,,,,,,,,,,,,,,,,,,,,,,
 1105.1,6.43E+05,,,,,,,,,,,,,,,,,,,,,,,,
 1106.1,6.89E+05,,,,,,,,,,,,,,,,,,,,,,,,
 1107.1,7.36E+05,,,,,,,,,,,,,,,,,,,,,,,,
 1108.2,7.88E+05,,,,,,,,,,,,,,,,,,,,,,,,
 1109.2,8.35E+05,,,,,,,,,,,,,,,,,,,,,,,,
 1110.2,8.83E+05,,,,,,,,,,,,,,,,,,,,,,,,
 1111.2,9.30E+05,,,,,,,,,,,,,,,,,,,,,,,,
 1112.2,9.77E+05,,,,,,,,,,,,,,,,,,,,,,,,
 1113.3,1.03E+06,,,,,,,,,,,,,,,,,,,,,,,,
 1114.3,1.07E+06,,,,,,,,,,,,,,,,,,,,,,,,
 1115.3,1.11E+06,,,,,,,,,,,,,,,,,,,,,,,,
 1116.3,1.15E+06,,,,,,,,,,,,,,,,,,,,,,,,
 1117.3,1.19E+06,,,,,,,,,,,,,,,,,,,,,,,,
 1118.4,1.22E+06,,,,,,,,,,,,,,,,,,,,,,,,
 1119.4,1.25E+06,,,,,,,,,,,,,,,,,,,,,,,,
 1120.4,1.27E+06,,,,,,,,,,,,,,,,,,,,,,,,
 1121.4,1.29E+06,,,,,,,,,,,,,,,,,,,,,,,,
 1122.4,1.31E+06,,,,,,,,,,,,,,,,,,,,,,,,
 1123.5,1.32E+06,,,,,,,,,,,,,,,,,,,,,,,,
 1124.5,1.33E+06,,,,,,,,,,,,,,,,,,,,,,,,
 1125.5,1.33E+06,,,,,,,,,,,,,,,,,,,,,,,,
 1126.5,1.33E+06,,,,,,,,,,,,,,,,,,,,,,,,
 1127.6,1.32E+06,,,,,,,,,,,,,,,,,,,,,,,,
 1128.6,1.30E+06,,,,,,,,,,,,,,,,,,,,,,,,
 1129.6,1.28E+06,,,,,,,,,,,,,,,,,,,,,,,,
 1130.6,1.26E+06,,,,,,,,,,,,,,,,,,,,,,,,
 1131.6,1.23E+06,,,,,,,,,,,,,,,,,,,,,,,,
 1132.7,1.20E+06,,,,,,,,,,,,,,,,,,,,,,,,
 1133.7,1.16E+06,,,,,,,,,,,,,,,,,,,,,,,,
 1134.7,1.12E+06,,,,,,,,,,,,,,,,,,,,,,,,
 1135.7,1.08E+06,,,,,,,,,,,,,,,,,,,,,,,,
 1136.7,1.04E+06,,,,,,,,,,,,,,,,,,,,,,,,
 1137.8,9.88E+05,,,,,,,,,,,,,,,,,,,,,,,,
 1138.8,9.41E+05,,,,,,,,,,,,,,,,,,,,,,,,
 1139.8,8.92E+05,,,,,,,,,,,,,,,,,,,,,,,,
 1140.8,8.43E+05,,,,,,,,,,,,,,,,,,,,,,,,
 1141.8,7.94E+05,,,,,,,,,,,,,,,,,,,,,,,,
 1142.9,7.40E+05,,,,,,,,,,,,,,,,,,,,,,,,
 1143.9,6.91E+05,,,,,,,,,,,,,,,,,,,,,,,,
 1144.9,6.43E+05,,,,,,,,,,,,,,,,,,,,,,,,
 1145.9,5.97E+05,,,,,,,,,,,,,,,,,,,,,,,,
 1146.9,5.51E+05,,,,,,,,,,,,,,,,,,,,,,,,
 1148,5.03E+05,,,,,,,,,,,,,,,,,,,,,,,,
 1149,4.61E+05,,,,,,,,,,,,,,,,,,,,,,,,
 1150,4.21E+05,,,,,,,,,,,,,,,,,,,,,,,,
 1151,3.83E+05,,,,,,,,,,,,,,,,,,,,,,,,
 1152,3.48E+05,,,,,,,,,,,,,,,,,,,,,,,,
 1153.1,3.11E+05,,,,,,,,,,,,,,,,,,,,,,,,
 1154.1,2.80E+05,,,,,,,,,,,,,,,,,,,,,,,,
 1155.1,2.51E+05,,,,,,,,,,,,,,,,,,,,,,,,
 1156.1,2.25E+05,,,,,,,,,,,,,,,,,,,,,,,,
 1157.1,2.00E+05,,,,,,,,,,,,,,,,,,,,,,,,
 1158.2,1.76E+05,,,,,,,,,,,,,,,,,,,,,,,,
 1159.2,1.56E+05,,,,,,,,,,,,,,,,,,,,,,,,
 1160.2,1.38E+05,,,,,,,,,,,,,,,,,,,,,,,,
 1161.2,1.22E+05,,,,,,,,,,,,,,,,,,,,,,,,
 1162.2,1.07E+05,,,,,,,,,,,,,,,,,,,,,,,,
 1163.3,9.28E+04,,,,,,,,,,,,,,,,,,,,,,,,
 1164.3,8.15E+04,,,,,,,,,,,,,,,,,,,,,,,,
 1165.3,7.16E+04,,,,,,,,,,,,,,,,,,,,,,,,
 1166.3,6.29E+04,,,,,,,,,,,,,,,,,,,,,,,,
 1167.3,5.53E+04,,,,,,,,,,,,,,,,,,,,,,,,
 1168.4,4.82E+04,,,,,,,,,,,,,,,,,,,,,,,,
 1169.4,4.27E+04,,,,,,,,,,,,,,,,,,,,,,,,
 1170.4,3.80E+04,,,,,,,,,,,,,,,,,,,,,,,,
 1171.4,3.40E+04,,,,,,,,,,,,,,,,,,,,,,,,
 1172.4,3.06E+04,,,,,,,,,,,,,,,,,,,,,,,,
 1173.5,2.76E+04,,,,,,,,,,,,,,,,,,,,,,,,
 1174.5,2.54E+04,,,,,,,,,,,,,,,,,,,,,,,,
 1175.5,2.36E+04,,,,,,,,,,,,,,,,,,,,,,,,
 1176.5,2.21E+04,,,,,,,,,,,,,,,,,,,,,,,,
 1177.6,2.08E+04,,,,,,,,,,,,,,,,,,,,,,,,
 1178.6,2.00E+04,,,,,,,,,,,,,,,,,,,,,,,,
 1179.6,1.93E+04,,,,,,,,,,,,,,,,,,,,,,,,
 1180.6,1.89E+04,,,,,,,,,,,,,,,,,,,,,,,,
 1181.6,1.86E+04,,,,,,,,,,,,,,,,,,,,,,,,
 1182.7,1.84E+04,,,,,,,,,,,,,,,,,,,,,,,,
 1183.7,1.83E+04,,,,,,,,,,,,,,,,,,,,,,,,
 1184.7,1.83E+04,,,,,,,,,,,,,,,,,,,,,,,,
 1185.7,1.84E+04,,,,,,,,,,,,,,,,,,,,,,,,
 1186.7,1.85E+04,,,,,,,,,,,,,,,,,,,,,,,,
 1187.8,1.86E+04,,,,,,,,,,,,,,,,,,,,,,,,
 1188.8,1.88E+04,,,,,,,,,,,,,,,,,,,,,,,,
 1189.8,1.90E+04,,,,,,,,,,,,,,,,,,,,,,,,
 1190.8,1.91E+04,,,,,,,,,,,,,,,,,,,,,,,,
 1191.8,1.93E+04,,,,,,,,,,,,,,,,,,,,,,,,
 1192.9,1.95E+04,,,,,,,,,,,,,,,,,,,,,,,,
 1193.9,1.96E+04,,,,,,,,,,,,,,,,,,,,,,,,
 1194.9,1.98E+04,,,,,,,,,,,,,,,,,,,,,,,,
 1195.9,1.99E+04,,,,,,,,,,,,,,,,,,,,,,,,
 1196.9,1.99E+04,,,,,,,,,,,,,,,,,,,,,,,,
 1198,2.00E+04,,,,,,,,,,,,,,,,,,,,,,,,
 1199,2.00E+04,,,,,,,,,,,,,,,,,,,,,,,,
 1200,2.00E+04,,,,,,,,,,,,,,,,,,,,,,,,
 1201,2.00E+04,,,,,,,,,,,,,,,,,,,,,,,,
 1202,1.99E+04,,,,,,,,,,,,,,,,,,,,,,,,
 1203.1,1.98E+04,,,,,,,,,,,,,,,,,,,,,,,,
 1204.1,1.96E+04,,,,,,,,,,,,,,,,,,,,,,,,
 1205.1,1.94E+04,,,,,,,,,,,,,,,,,,,,,,,,
 1206.1,1.92E+04,,,,,,,,,,,,,,,,,,,,,,,,
 1207.1,1.90E+04,,,,,,,,,,,,,,,,,,,,,,,,
 1208.2,1.86E+04,,,,,,,,,,,,,,,,,,,,,,,,
 1209.2,1.83E+04,,,,,,,,,,,,,,,,,,,,,,,,
 1210.2,1.80E+04,,,,,,,,,,,,,,,,,,,,,,,,
 1211.2,1.76E+04,,,,,,,,,,,,,,,,,,,,,,,,
 1212.2,1.72E+04,,,,,,,,,,,,,,,,,,,,,,,,
 1213.3,1.67E+04,,,,,,,,,,,,,,,,,,,,,,,,
 1214.3,1.62E+04,,,,,,,,,,,,,,,,,,,,,,,,
 1215.3,1.58E+04,,,,,,,,,,,,,,,,,,,,,,,,
 1216.3,1.53E+04,,,,,,,,,,,,,,,,,,,,,,,,
 1217.3,1.47E+04,,,,,,,,,,,,,,,,,,,,,,,,
 1218.4,1.41E+04,,,,,,,,,,,,,,,,,,,,,,,,
 1219.4,1.36E+04,,,,,,,,,,,,,,,,,,,,,,,,
 1220.4,1.31E+04,,,,,,,,,,,,,,,,,,,,,,,,
 1221.4,1.25E+04,,,,,,,,,,,,,,,,,,,,,,,,
 1222.4,1.19E+04,,,,,,,,,,,,,,,,,,,,,,,,
 1223.5,1.13E+04,,,,,,,,,,,,,,,,,,,,,,,,
 1224.5,1.08E+04,,,,,,,,,,,,,,,,,,,,,,,,
 1225.5,1.02E+04,,,,,,,,,,,,,,,,,,,,,,,,
 1226.5,9.71E+03,,,,,,,,,,,,,,,,,,,,,,,,
 1227.6,9.14E+03,,,,,,,,,,,,,,,,,,,,,,,,
 1228.6,8.64E+03,,,,,,,,,,,,,,,,,,,,,,,,
 1229.6,8.16E+03,,,,,,,,,,,,,,,,,,,,,,,,
 1230.6,7.70E+03,,,,,,,,,,,,,,,,,,,,,,,,
 1231.6,7.26E+03,,,,,,,,,,,,,,,,,,,,,,,,
 1232.7,6.81E+03,,,,,,,,,,,,,,,,,,,,,,,,
 1233.7,6.43E+03,,,,,,,,,,,,,,,,,,,,,,,,
 1234.7,6.07E+03,,,,,,,,,,,,,,,,,,,,,,,,
 1235.7,5.75E+03,,,,,,,,,,,,,,,,,,,,,,,,
 1236.7,5.46E+03,,,,,,,,,,,,,,,,,,,,,,,,
 1237.8,5.19E+03,,,,,,,,,,,,,,,,,,,,,,,,
 1238.8,4.98E+03,,,,,,,,,,,,,,,,,,,,,,,,
 1239.8,4.82E+03,,,,,,,,,,,,,,,,,,,,,,,,
 1240.8,4.71E+03,,,,,,,,,,,,,,,,,,,,,,,,
 1241.8,4.65E+03,,,,,,,,,,,,,,,,,,,,,,,,
 1242.9,4.65E+03,,,,,,,,,,,,,,,,,,,,,,,,
 1243.9,4.72E+03,,,,,,,,,,,,,,,,,,,,,,,,
 1244.9,4.86E+03,,,,,,,,,,,,,,,,,,,,,,,,
 1245.9,5.09E+03,,,,,,,,,,,,,,,,,,,,,,,,
 1246.9,5.42E+03,,,,,,,,,,,,,,,,,,,,,,,,
 1248,5.89E+03,,,,,,,,,,,,,,,,,,,,,,,,
 1249,6.46E+03,,,,,,,,,,,,,,,,,,,,,,,,
 1250,7.16E+03,,,,,,,,,,,,,,,,,,,,,,,,
 1251,8.01E+03,,,,,,,,,,,,,,,,,,,,,,,,
 1252,9.05E+03,,,,,,,,,,,,,,,,,,,,,,,,
 1253.1,1.04E+04,,,,,,,,,,,,,,,,,,,,,,,,
 1254.1,1.19E+04,,,,,,,,,,,,,,,,,,,,,,,,
 1255.1,1.37E+04,,,,,,,,,,,,,,,,,,,,,,,,
 1256.1,1.57E+04,,,,,,,,,,,,,,,,,,,,,,,,
 1257.1,1.81E+04,,,,,,,,,,,,,,,,,,,,,,,,
 1258.2,2.11E+04,,,,,,,,,,,,,,,,,,,,,,,,
 1259.2,2.43E+04,,,,,,,,,,,,,,,,,,,,,,,,
 1260.2,2.80E+04,,,,,,,,,,,,,,,,,,,,,,,,
 1261.2,3.22E+04,,,,,,,,,,,,,,,,,,,,,,,,
 1262.2,3.69E+04,,,,,,,,,,,,,,,,,,,,,,,,
 1263.3,4.29E+04,,,,,,,,,,,,,,,,,,,,,,,,
 1264.3,4.90E+04,,,,,,,,,,,,,,,,,,,,,,,,
 1265.3,5.59E+04,,,,,,,,,,,,,,,,,,,,,,,,
 1266.3,6.36E+04,,,,,,,,,,,,,,,,,,,,,,,,
 1267.3,7.22E+04,,,,,,,,,,,,,,,,,,,,,,,,
 1268.4,8.28E+04,,,,,,,,,,,,,,,,,,,,,,,,
 1269.4,9.36E+04,,,,,,,,,,,,,,,,,,,,,,,,
 1270.4,1.05E+05,,,,,,,,,,,,,,,,,,,,,,,,
 1271.4,1.19E+05,,,,,,,,,,,,,,,,,,,,,,,,
 1272.4,1.33E+05,,,,,,,,,,,,,,,,,,,,,,,,
 1273.5,1.50E+05,,,,,,,,,,,,,,,,,,,,,,,,
 1274.5,1.67E+05,,,,,,,,,,,,,,,,,,,,,,,,
 1275.5,1.86E+05,,,,,,,,,,,,,,,,,,,,,,,,
 1276.5,2.06E+05,,,,,,,,,,,,,,,,,,,,,,,,
 1277.6,2.30E+05,,,,,,,,,,,,,,,,,,,,,,,,
 1278.6,2.54E+05,,,,,,,,,,,,,,,,,,,,,,,,
 1279.6,2.79E+05,,,,,,,,,,,,,,,,,,,,,,,,
 1280.6,3.05E+05,,,,,,,,,,,,,,,,,,,,,,,,
 1281.6,3.34E+05,,,,,,,,,,,,,,,,,,,,,,,,
 1282.7,3.67E+05,,,,,,,,,,,,,,,,,,,,,,,,
 1283.7,3.99E+05,,,,,,,,,,,,,,,,,,,,,,,,
 1284.7,4.32E+05,,,,,,,,,,,,,,,,,,,,,,,,
 1285.7,4.67E+05,,,,,,,,,,,,,,,,,,,,,,,,
 1286.7,5.03E+05,,,,,,,,,,,,,,,,,,,,,,,,
 1287.8,5.45E+05,,,,,,,,,,,,,,,,,,,,,,,,
 1288.8,5.84E+05,,,,,,,,,,,,,,,,,,,,,,,,
 1289.8,6.24E+05,,,,,,,,,,,,,,,,,,,,,,,,
 1290.8,6.65E+05,,,,,,,,,,,,,,,,,,,,,,,,
 1291.8,7.06E+05,,,,,,,,,,,,,,,,,,,,,,,,
 1292.9,7.53E+05,,,,,,,,,,,,,,,,,,,,,,,,
 1293.9,7.95E+05,,,,,,,,,,,,,,,,,,,,,,,,
 1294.9,8.38E+05,,,,,,,,,,,,,,,,,,,,,,,,
 1295.9,8.80E+05,,,,,,,,,,,,,,,,,,,,,,,,
 1296.9,9.22E+05,,,,,,,,,,,,,,,,,,,,,,,,
 1298,9.68E+05,,,,,,,,,,,,,,,,,,,,,,,,
 1299,1.01E+06,,,,,,,,,,,,,,,,,,,,,,,,
 1300,1.05E+06,,,,,,,,,,,,,,,,,,,,,,,,
 1301,1.09E+06,,,,,,,,,,,,,,,,,,,,,,,,
 1302,1.12E+06,,,,,,,,,,,,,,,,,,,,,,,,
 1303.1,1.16E+06,,,,,,,,,,,,,,,,,,,,,,,,
 1304.1,1.19E+06,,,,,,,,,,,,,,,,,,,,,,,,
 1305.1,1.22E+06,,,,,,,,,,,,,,,,,,,,,,,,
 1306.1,1.24E+06,,,,,,,,,,,,,,,,,,,,,,,,
 1307.1,1.27E+06,,,,,,,,,,,,,,,,,,,,,,,,
 1308.2,1.29E+06,,,,,,,,,,,,,,,,,,,,,,,,
 1309.2,1.31E+06,,,,,,,,,,,,,,,,,,,,,,,,
 1310.2,1.32E+06,,,,,,,,,,,,,,,,,,,,,,,,
 1311.2,1.33E+06,,,,,,,,,,,,,,,,,,,,,,,,
 1312.2,1.33E+06,,,,,,,,,,,,,,,,,,,,,,,,
 1313.3,1.33E+06,,,,,,,,,,,,,,,,,,,,,,,,
 1314.3,1.33E+06,,,,,,,,,,,,,,,,,,,,,,,,
 1315.3,1.33E+06,,,,,,,,,,,,,,,,,,,,,,,,
 1316.3,1.32E+06,,,,,,,,,,,,,,,,,,,,,,,,
 1317.3,1.30E+06,,,,,,,,,,,,,,,,,,,,,,,,
 1318.4,1.29E+06,,,,,,,,,,,,,,,,,,,,,,,,
 1319.4,1.27E+06,,,,,,,,,,,,,,,,,,,,,,,,
 1320.4,1.24E+06,,,,,,,,,,,,,,,,,,,,,,,,
 1321.4,1.22E+06,,,,,,,,,,,,,,,,,,,,,,,,
 1322.4,1.19E+06,,,,,,,,,,,,,,,,,,,,,,,,
 1323.5,1.15E+06,,,,,,,,,,,,,,,,,,,,,,,,
 1324.5,1.12E+06,,,,,,,,,,,,,,,,,,,,,,,,
 1325.5,1.08E+06,,,,,,,,,,,,,,,,,,,,,,,,
 1326.5,1.05E+06,,,,,,,,,,,,,,,,,,,,,,,,
 1327.6,1.00E+06,,,,,,,,,,,,,,,,,,,,,,,,
 1328.6,9.62E+05,,,,,,,,,,,,,,,,,,,,,,,,
 1329.6,9.20E+05,,,,,,,,,,,,,,,,,,,,,,,,
 1330.6,8.78E+05,,,,,,,,,,,,,,,,,,,,,,,,
 1331.6,8.36E+05,,,,,,,,,,,,,,,,,,,,,,,,
 1332.7,7.89E+05,,,,,,,,,,,,,,,,,,,,,,,,
 1333.7,7.47E+05,,,,,,,,,,,,,,,,,,,,,,,,
 1334.7,7.05E+05,,,,,,,,,,,,,,,,,,,,,,,,
 1335.7,6.63E+05,,,,,,,,,,,,,,,,,,,,,,,,
 1336.7,6.22E+05,,,,,,,,,,,,,,,,,,,,,,,,
 1337.8,5.78E+05,,,,,,,,,,,,,,,,,,,,,,,,
 1338.8,5.39E+05,,,,,,,,,,,,,,,,,,,,,,,,
 1339.8,5.02E+05,,,,,,,,,,,,,,,,,,,,,,,,
 1340.8,4.66E+05,,,,,,,,,,,,,,,,,,,,,,,,
 1341.8,4.31E+05,,,,,,,,,,,,,,,,,,,,,,,,
 1342.9,3.94E+05,,,,,,,,,,,,,,,,,,,,,,,,
 1343.9,3.63E+05,,,,,,,,,,,,,,,,,,,,,,,,
 1344.9,3.33E+05,,,,,,,,,,,,,,,,,,,,,,,,
 1345.9,3.04E+05,,,,,,,,,,,,,,,,,,,,,,,,
 1346.9,2.78E+05,,,,,,,,,,,,,,,,,,,,,,,,
 1348,2.50E+05,,,,,,,,,,,,,,,,,,,,,,,,
 1349,2.27E+05,,,,,,,,,,,,,,,,,,,,,,,,
 1350,2.05E+05,,,,,,,,,,,,,,,,,,,,,,,,
 1351,1.85E+05,,,,,,,,,,,,,,,,,,,,,,,,
 1352,1.67E+05,,,,,,,,,,,,,,,,,,,,,,,,
 1353.1,1.48E+05,,,,,,,,,,,,,,,,,,,,,,,,
 1354.1,1.32E+05,,,,,,,,,,,,,,,,,,,,,,,,
 1355.1,1.18E+05,,,,,,,,,,,,,,,,,,,,,,,,
 1356.1,1.05E+05,,,,,,,,,,,,,,,,,,,,,,,,
 1357.1,9.32E+04,,,,,,,,,,,,,,,,,,,,,,,,
 1358.2,8.15E+04,,,,,,,,,,,,,,,,,,,,,,,,
 1359.2,7.19E+04,,,,,,,,,,,,,,,,,,,,,,,,
 1360.2,6.33E+04,,,,,,,,,,,,,,,,,,,,,,,,
 1361.2,5.56E+04,,,,,,,,,,,,,,,,,,,,,,,,
 1362.2,4.87E+04,,,,,,,,,,,,,,,,,,,,,,,,
 1363.3,4.20E+04,,,,,,,,,,,,,,,,,,,,,,,,
 1364.3,3.66E+04,,,,,,,,,,,,,,,,,,,,,,,,
 1365.3,3.19E+04,,,,,,,,,,,,,,,,,,,,,,,,
 1366.3,2.77E+04,,,,,,,,,,,,,,,,,,,,,,,,
 1367.3,2.40E+04,,,,,,,,,,,,,,,,,,,,,,,,
 1368.4,2.05E+04,,,,,,,,,,,,,,,,,,,,,,,,
 1369.4,1.77E+04,,,,,,,,,,,,,,,,,,,,,,,,
 1370.4,1.53E+04,,,,,,,,,,,,,,,,,,,,,,,,
 1371.4,1.33E+04,,,,,,,,,,,,,,,,,,,,,,,,
 1372.4,1.15E+04,,,,,,,,,,,,,,,,,,,,,,,,
 1373.5,9.81E+03,,,,,,,,,,,,,,,,,,,,,,,,
 1374.5,8.53E+03,,,,,,,,,,,,,,,,,,,,,,,,
 1375.5,7.44E+03,,,,,,,,,,,,,,,,,,,,,,,,
 1376.5,6.53E+03,,,,,,,,,,,,,,,,,,,,,,,,
 1377.6,5.69E+03,,,,,,,,,,,,,,,,,,,,,,,,
 1378.6,5.06E+03,,,,,,,,,,,,,,,,,,,,,,,,
 1379.6,4.55E+03,,,,,,,,,,,,,,,,,,,,,,,,
 1380.6,4.13E+03,,,,,,,,,,,,,,,,,,,,,,,,
 1381.6,3.79E+03,,,,,,,,,,,,,,,,,,,,,,,,
 1382.7,3.49E+03,,,,,,,,,,,,,,,,,,,,,,,,
 1383.7,3.29E+03,,,,,,,,,,,,,,,,,,,,,,,,
 1384.7,3.13E+03,,,,,,,,,,,,,,,,,,,,,,,,
 1385.7,3.02E+03,,,,,,,,,,,,,,,,,,,,,,,,
 1386.7,2.94E+03,,,,,,,,,,,,,,,,,,,,,,,,
 1387.8,2.89E+03,,,,,,,,,,,,,,,,,,,,,,,,
 1388.8,2.87E+03,,,,,,,,,,,,,,,,,,,,,,,,
 1389.8,2.86E+03,,,,,,,,,,,,,,,,,,,,,,,,
 1390.8,2.87E+03,,,,,,,,,,,,,,,,,,,,,,,,
 1391.8,2.89E+03,,,,,,,,,,,,,,,,,,,,,,,,
 1392.9,2.93E+03,,,,,,,,,,,,,,,,,,,,,,,,
 1393.9,2.97E+03,,,,,,,,,,,,,,,,,,,,,,,,
 1394.9,3.01E+03,,,,,,,,,,,,,,,,,,,,,,,,
 1395.9,3.05E+03,,,,,,,,,,,,,,,,,,,,,,,,
 1396.9,3.10E+03,,,,,,,,,,,,,,,,,,,,,,,,
 1398,3.15E+03,,,,,,,,,,,,,,,,,,,,,,,,
 1399,3.19E+03,,,,,,,,,,,,,,,,,,,,,,,,
 1400,3.23E+03,,,,,,,,,,,,,,,,,,,,,,,,
 1401,3.26E+03,,,,,,,,,,,,,,,,,,,,,,,,
 1402,3.29E+03,,,,,,,,,,,,,,,,,,,,,,,,
 1403.1,3.32E+03,,,,,,,,,,,,,,,,,,,,,,,,
 1404.1,3.34E+03,,,,,,,,,,,,,,,,,,,,,,,,
 1405.1,3.35E+03,,,,,,,,,,,,,,,,,,,,,,,,
 1406.1,3.36E+03,,,,,,,,,,,,,,,,,,,,,,,,
 1407.1,3.36E+03,,,,,,,,,,,,,,,,,,,,,,,,
 1408.2,3.35E+03,,,,,,,,,,,,,,,,,,,,,,,,
 1409.2,3.34E+03,,,,,,,,,,,,,,,,,,,,,,,,
 1410.2,3.32E+03,,,,,,,,,,,,,,,,,,,,,,,,
 1411.2,3.30E+03,,,,,,,,,,,,,,,,,,,,,,,,
 1412.2,3.27E+03,,,,,,,,,,,,,,,,,,,,,,,,
 1413.3,3.23E+03,,,,,,,,,,,,,,,,,,,,,,,,
 1414.3,3.19E+03,,,,,,,,,,,,,,,,,,,,,,,,
 1415.3,3.14E+03,,,,,,,,,,,,,,,,,,,,,,,,
 1416.3,3.09E+03,,,,,,,,,,,,,,,,,,,,,,,,
 1417.3,3.04E+03,,,,,,,,,,,,,,,,,,,,,,,,
 1418.4,2.98E+03,,,,,,,,,,,,,,,,,,,,,,,,
 1419.4,2.93E+03,,,,,,,,,,,,,,,,,,,,,,,,
 1420.4,2.88E+03,,,,,,,,,,,,,,,,,,,,,,,,
 1421.4,2.82E+03,,,,,,,,,,,,,,,,,,,,,,,,
 1422.4,2.77E+03,,,,,,,,,,,,,,,,,,,,,,,,
 1423.5,2.71E+03,,,,,,,,,,,,,,,,,,,,,,,,
 1424.5,2.67E+03,,,,,,,,,,,,,,,,,,,,,,,,
 1425.5,2.62E+03,,,,,,,,,,,,,,,,,,,,,,,,
 1426.5,2.59E+03,,,,,,,,,,,,,,,,,,,,,,,,
 1427.6,2.55E+03,,,,,,,,,,,,,,,,,,,,,,,,
 1428.6,2.53E+03,,,,,,,,,,,,,,,,,,,,,,,,
 1429.6,2.52E+03,,,,,,,,,,,,,,,,,,,,,,,,
 1430.6,2.52E+03,,,,,,,,,,,,,,,,,,,,,,,,
 1431.6,2.53E+03,,,,,,,,,,,,,,,,,,,,,,,,
 1432.7,2.56E+03,,,,,,,,,,,,,,,,,,,,,,,,
 1433.7,2.60E+03,,,,,,,,,,,,,,,,,,,,,,,,
 1434.7,2.65E+03,,,,,,,,,,,,,,,,,,,,,,,,
 1435.7,2.72E+03,,,,,,,,,,,,,,,,,,,,,,,,
 1436.7,2.81E+03,,,,,,,,,,,,,,,,,,,,,,,,
 1437.8,2.93E+03,,,,,,,,,,,,,,,,,,,,,,,,
 1438.8,3.06E+03,,,,,,,,,,,,,,,,,,,,,,,,
 1439.8,3.22E+03,,,,,,,,,,,,,,,,,,,,,,,,
 1440.8,3.40E+03,,,,,,,,,,,,,,,,,,,,,,,,
 1441.8,3.60E+03,,,,,,,,,,,,,,,,,,,,,,,,
 1442.9,3.85E+03,,,,,,,,,,,,,,,,,,,,,,,,
 1443.9,4.11E+03,,,,,,,,,,,,,,,,,,,,,,,,
 1444.9,4.40E+03,,,,,,,,,,,,,,,,,,,,,,,,
 1445.9,4.71E+03,,,,,,,,,,,,,,,,,,,,,,,,
 1446.9,5.06E+03,,,,,,,,,,,,,,,,,,,,,,,,
 1448,5.48E+03,,,,,,,,,,,,,,,,,,,,,,,,
 1449,5.89E+03,,,,,,,,,,,,,,,,,,,,,,,,
 1450,6.34E+03,,,,,,,,,,,,,,,,,,,,,,,,
 1451,6.82E+03,,,,,,,,,,,,,,,,,,,,,,,,
 1452,7.34E+03,,,,,,,,,,,,,,,,,,,,,,,,
 1453.1,7.94E+03,,,,,,,,,,,,,,,,,,,,,,,,
 1454.1,8.53E+03,,,,,,,,,,,,,,,,,,,,,,,,
 1455.1,9.16E+03,,,,,,,,,,,,,,,,,,,,,,,,
 1456.1,9.82E+03,,,,,,,,,,,,,,,,,,,,,,,,
 1457.1,1.05E+04,,,,,,,,,,,,,,,,,,,,,,,,
 1458.2,1.13E+04,,,,,,,,,,,,,,,,,,,,,,,,
 1459.2,1.21E+04,,,,,,,,,,,,,,,,,,,,,,,,
 1460.2,1.29E+04,,,,,,,,,,,,,,,,,,,,,,,,
 1461.2,1.37E+04,,,,,,,,,,,,,,,,,,,,,,,,
 1462.2,1.46E+04,,,,,,,,,,,,,,,,,,,,,,,,
 1463.3,1.55E+04,,,,,,,,,,,,,,,,,,,,,,,,
 1464.3,1.65E+04,,,,,,,,,,,,,,,,,,,,,,,,
 1465.3,1.74E+04,,,,,,,,,,,,,,,,,,,,,,,,
 1466.3,1.83E+04,,,,,,,,,,,,,,,,,,,,,,,,
 1467.3,1.93E+04,,,,,,,,,,,,,,,,,,,,,,,,
 1468.4,2.04E+04,,,,,,,,,,,,,,,,,,,,,,,,
 1469.4,2.14E+04,,,,,,,,,,,,,,,,,,,,,,,,
 1470.4,2.24E+04,,,,,,,,,,,,,,,,,,,,,,,,
 1471.4,2.34E+04,,,,,,,,,,,,,,,,,,,,,,,,
 1472.4,2.44E+04,,,,,,,,,,,,,,,,,,,,,,,,
 1473.5,2.55E+04,,,,,,,,,,,,,,,,,,,,,,,,
 1474.5,2.65E+04,,,,,,,,,,,,,,,,,,,,,,,,
 1475.5,2.75E+04,,,,,,,,,,,,,,,,,,,,,,,,
 1476.5,2.85E+04,,,,,,,,,,,,,,,,,,,,,,,,
 1477.6,2.95E+04,,,,,,,,,,,,,,,,,,,,,,,,
 1478.6,3.04E+04,,,,,,,,,,,,,,,,,,,,,,,,
 1479.6,3.13E+04,,,,,,,,,,,,,,,,,,,,,,,,
 1480.6,3.22E+04,,,,,,,,,,,,,,,,,,,,,,,,
 1481.6,3.30E+04,,,,,,,,,,,,,,,,,,,,,,,,
 1482.7,3.38E+04,,,,,,,,,,,,,,,,,,,,,,,,
 1483.7,3.45E+04,,,,,,,,,,,,,,,,,,,,,,,,
 1484.7,3.52E+04,,,,,,,,,,,,,,,,,,,,,,,,
 1485.7,3.58E+04,,,,,,,,,,,,,,,,,,,,,,,,
 1486.7,3.63E+04,,,,,,,,,,,,,,,,,,,,,,,,
 1487.8,3.68E+04,,,,,,,,,,,,,,,,,,,,,,,,
 1488.8,3.73E+04,,,,,,,,,,,,,,,,,,,,,,,,
 1489.8,3.76E+04,,,,,,,,,,,,,,,,,,,,,,,,
 1490.8,3.79E+04,,,,,,,,,,,,,,,,,,,,,,,,
 1491.8,3.81E+04,,,,,,,,,,,,,,,,,,,,,,,,
 1492.9,3.82E+04,,,,,,,,,,,,,,,,,,,,,,,,
 1493.9,3.83E+04,,,,,,,,,,,,,,,,,,,,,,,,
 1494.9,3.83E+04,,,,,,,,,,,,,,,,,,,,,,,,
 1495.9,3.82E+04,,,,,,,,,,,,,,,,,,,,,,,,
 1496.9,3.81E+04,,,,,,,,,,,,,,,,,,,,,,,,
 1498,3.78E+04,,,,,,,,,,,,,,,,,,,,,,,,
 1499,3.75E+04,,,,,,,,,,,,,,,,,,,,,,,,
 1500,3.72E+04,,,,,,,,,,,,,,,,,,,,,,,,
 1501,3.67E+04,,,,,,,,,,,,,,,,,,,,,,,,
 1502,3.62E+04,,,,,,,,,,,,,,,,,,,,,,,,
 1503.1,3.56E+04,,,,,,,,,,,,,,,,,,,,,,,,
 1504.1,3.50E+04,,,,,,,,,,,,,,,,,,,,,,,,
 1505.1,3.44E+04,,,,,,,,,,,,,,,,,,,,,,,,
 1506.1,3.37E+04,,,,,,,,,,,,,,,,,,,,,,,,
 1507.1,3.29E+04,,,,,,,,,,,,,,,,,,,,,,,,
 1508.2,3.21E+04,,,,,,,,,,,,,,,,,,,,,,,,
 1509.2,3.12E+04,,,,,,,,,,,,,,,,,,,,,,,,
 1510.2,3.04E+04,,,,,,,,,,,,,,,,,,,,,,,,
 1511.2,2.95E+04,,,,,,,,,,,,,,,,,,,,,,,,
 1512.2,2.86E+04,,,,,,,,,,,,,,,,,,,,,,,,
 1513.3,2.76E+04,,,,,,,,,,,,,,,,,,,,,,,,
 1514.3,2.66E+04,,,,,,,,,,,,,,,,,,,,,,,,
 1515.3,2.57E+04,,,,,,,,,,,,,,,,,,,,,,,,
 1516.3,2.47E+04,,,,,,,,,,,,,,,,,,,,,,,,
 1517.3,2.37E+04,,,,,,,,,,,,,,,,,,,,,,,,
 1518.4,2.27E+04,,,,,,,,,,,,,,,,,,,,,,,,
 1519.4,2.17E+04,,,,,,,,,,,,,,,,,,,,,,,,
 1520.4,2.08E+04,,,,,,,,,,,,,,,,,,,,,,,,
 1521.4,1.99E+04,,,,,,,,,,,,,,,,,,,,,,,,
 1522.4,1.90E+04,,,,,,,,,,,,,,,,,,,,,,,,
 1523.5,1.80E+04,,,,,,,,,,,,,,,,,,,,,,,,
 1524.5,1.72E+04,,,,,,,,,,,,,,,,,,,,,,,,
 1525.5,1.63E+04,,,,,,,,,,,,,,,,,,,,,,,,
 1526.5,1.55E+04,,,,,,,,,,,,,,,,,,,,,,,,
 1527.6,1.47E+04,,,,,,,,,,,,,,,,,,,,,,,,
 1528.6,1.39E+04,,,,,,,,,,,,,,,,,,,,,,,,
 1529.6,1.32E+04,,,,,,,,,,,,,,,,,,,,,,,,
 1530.6,1.25E+04,,,,,,,,,,,,,,,,,,,,,,,,
 1531.6,1.19E+04,,,,,,,,,,,,,,,,,,,,,,,,
 1532.7,1.12E+04,,,,,,,,,,,,,,,,,,,,,,,,
 1533.7,1.07E+04,,,,,,,,,,,,,,,,,,,,,,,,
 1534.7,1.02E+04,,,,,,,,,,,,,,,,,,,,,,,,
 1535.7,9.66E+03,,,,,,,,,,,,,,,,,,,,,,,,
 1536.7,9.21E+03,,,,,,,,,,,,,,,,,,,,,,,,
 1537.8,8.76E+03,,,,,,,,,,,,,,,,,,,,,,,,
 1538.8,8.39E+03,,,,,,,,,,,,,,,,,,,,,,,,
 1539.8,8.05E+03,,,,,,,,,,,,,,,,,,,,,,,,
 1540.8,7.74E+03,,,,,,,,,,,,,,,,,,,,,,,,
 1541.8,7.47E+03,,,,,,,,,,,,,,,,,,,,,,,,
 1542.9,7.21E+03,,,,,,,,,,,,,,,,,,,,,,,,
 1543.9,7.01E+03,,,,,,,,,,,,,,,,,,,,,,,,
 1544.9,6.83E+03,,,,,,,,,,,,,,,,,,,,,,,,
 1545.9,6.69E+03,,,,,,,,,,,,,,,,,,,,,,,,
 1546.9,6.57E+03,,,,,,,,,,,,,,,,,,,,,,,,
 1548,6.47E+03,,,,,,,,,,,,,,,,,,,,,,,,
 1549,6.40E+03,,,,,,,,,,,,,,,,,,,,,,,,
 1550,6.36E+03,,,,,,,,,,,,,,,,,,,,,,,,
 1551,6.33E+03,,,,,,,,,,,,,,,,,,,,,,,,
 1552,6.33E+03,,,,,,,,,,,,,,,,,,,,,,,,
 1553.1,6.34E+03,,,,,,,,,,,,,,,,,,,,,,,,
 1554.1,6.37E+03,,,,,,,,,,,,,,,,,,,,,,,,
 1555.1,6.42E+03,,,,,,,,,,,,,,,,,,,,,,,,
 1556.1,6.47E+03,,,,,,,,,,,,,,,,,,,,,,,,
 1557.1,6.54E+03,,,,,,,,,,,,,,,,,,,,,,,,
 1558.2,6.62E+03,,,,,,,,,,,,,,,,,,,,,,,,
 1559.2,6.70E+03,,,,,,,,,,,,,,,,,,,,,,,,
 1560.2,6.79E+03,,,,,,,,,,,,,,,,,,,,,,,,
 1561.2,6.88E+03,,,,,,,,,,,,,,,,,,,,,,,,
 1562.2,6.97E+03,,,,,,,,,,,,,,,,,,,,,,,,
 1563.3,7.08E+03,,,,,,,,,,,,,,,,,,,,,,,,
 1564.3,7.17E+03,,,,,,,,,,,,,,,,,,,,,,,,
 1565.3,7.26E+03,,,,,,,,,,,,,,,,,,,,,,,,
 1566.3,7.35E+03,,,,,,,,,,,,,,,,,,,,,,,,
 1567.3,7.43E+03,,,,,,,,,,,,,,,,,,,,,,,,
 1568.4,7.52E+03,,,,,,,,,,,,,,,,,,,,,,,,
 1569.4,7.59E+03,,,,,,,,,,,,,,,,,,,,,,,,
 1570.4,7.66E+03,,,,,,,,,,,,,,,,,,,,,,,,
 1571.4,7.72E+03,,,,,,,,,,,,,,,,,,,,,,,,
 1572.4,7.77E+03,,,,,,,,,,,,,,,,,,,,,,,,
 1573.5,7.82E+03,,,,,,,,,,,,,,,,,,,,,,,,
 1574.5,7.85E+03,,,,,,,,,,,,,,,,,,,,,,,,
 1575.5,7.88E+03,,,,,,,,,,,,,,,,,,,,,,,,
 1576.5,7.90E+03,,,,,,,,,,,,,,,,,,,,,,,,
 1577.6,7.91E+03,,,,,,,,,,,,,,,,,,,,,,,,
 1578.6,7.91E+03,,,,,,,,,,,,,,,,,,,,,,,,
 1579.6,7.91E+03,,,,,,,,,,,,,,,,,,,,,,,,
 1580.6,7.90E+03,,,,,,,,,,,,,,,,,,,,,,,,
 1581.6,7.88E+03,,,,,,,,,,,,,,,,,,,,,,,,
 1582.7,7.86E+03,,,,,,,,,,,,,,,,,,,,,,,,
 1583.7,7.84E+03,,,,,,,,,,,,,,,,,,,,,,,,
 1584.7,7.82E+03,,,,,,,,,,,,,,,,,,,,,,,,
 1585.7,7.80E+03,,,,,,,,,,,,,,,,,,,,,,,,
 1586.7,7.79E+03,,,,,,,,,,,,,,,,,,,,,,,,
 1587.8,7.78E+03,,,,,,,,,,,,,,,,,,,,,,,,
 1588.8,7.78E+03,,,,,,,,,,,,,,,,,,,,,,,,
 1589.8,7.79E+03,,,,,,,,,,,,,,,,,,,,,,,,
 1590.8,7.82E+03,,,,,,,,,,,,,,,,,,,,,,,,
 1591.8,7.86E+03,,,,,,,,,,,,,,,,,,,,,,,,
 1592.9,7.94E+03,,,,,,,,,,,,,,,,,,,,,,,,
 1593.9,8.04E+03,,,,,,,,,,,,,,,,,,,,,,,,
 1594.9,8.16E+03,,,,,,,,,,,,,,,,,,,,,,,,
 1595.9,8.32E+03,,,,,,,,,,,,,,,,,,,,,,,,
 1596.9,8.53E+03,,,,,,,,,,,,,,,,,,,,,,,,
 1598,8.80E+03,,,,,,,,,,,,,,,,,,,,,,,,
 1599,9.10E+03,,,,,,,,,,,,,,,,,,,,,,,,
 1600,9.47E+03,,,,,,,,,,,,,,,,,,,,,,,,
 1601,9.89E+03,,,,,,,,,,,,,,,,,,,,,,,,
 1602,1.04E+04,,,,,,,,,,,,,,,,,,,,,,,,
 1603.1,1.10E+04,,,,,,,,,,,,,,,,,,,,,,,,
 1604.1,1.17E+04,,,,,,,,,,,,,,,,,,,,,,,,
 1605.1,1.25E+04,,,,,,,,,,,,,,,,,,,,,,,,
 1606.1,1.34E+04,,,,,,,,,,,,,,,,,,,,,,,,
 1607.1,1.43E+04,,,,,,,,,,,,,,,,,,,,,,,,
 1608.2,1.56E+04,,,,,,,,,,,,,,,,,,,,,,,,
 1609.2,1.68E+04,,,,,,,,,,,,,,,,,,,,,,,,
 1610.2,1.82E+04,,,,,,,,,,,,,,,,,,,,,,,,
 1611.2,1.98E+04,,,,,,,,,,,,,,,,,,,,,,,,
 1612.2,2.15E+04,,,,,,,,,,,,,,,,,,,,,,,,
 1613.3,2.36E+04,,,,,,,,,,,,,,,,,,,,,,,,
 1614.3,2.57E+04,,,,,,,,,,,,,,,,,,,,,,,,
 1615.3,2.81E+04,,,,,,,,,,,,,,,,,,,,,,,,
 1616.3,3.06E+04,,,,,,,,,,,,,,,,,,,,,,,,
 1617.3,3.34E+04,,,,,,,,,,,,,,,,,,,,,,,,
 1618.4,3.67E+04,,,,,,,,,,,,,,,,,,,,,,,,
 1619.4,4.00E+04,,,,,,,,,,,,,,,,,,,,,,,,
 1620.4,4.35E+04,,,,,,,,,,,,,,,,,,,,,,,,
 1621.4,4.74E+04,,,,,,,,,,,,,,,,,,,,,,,,
 1622.4,5.15E+04,,,,,,,,,,,,,,,,,,,,,,,,
 1623.5,5.64E+04,,,,,,,,,,,,,,,,,,,,,,,,
 1624.5,6.12E+04,,,,,,,,,,,,,,,,,,,,,,,,
 1625.5,6.63E+04,,,,,,,,,,,,,,,,,,,,,,,,
 1626.5,7.18E+04,,,,,,,,,,,,,,,,,,,,,,,,
 1627.6,7.82E+04,,,,,,,,,,,,,,,,,,,,,,,,
 1628.6,8.43E+04,,,,,,,,,,,,,,,,,,,,,,,,
 1629.6,9.09E+04,,,,,,,,,,,,,,,,,,,,,,,,
 1630.6,9.78E+04,,,,,,,,,,,,,,,,,,,,,,,,
 1631.6,1.05E+05,,,,,,,,,,,,,,,,,,,,,,,,
 1632.7,1.14E+05,,,,,,,,,,,,,,,,,,,,,,,,
 1633.7,1.22E+05,,,,,,,,,,,,,,,,,,,,,,,,
 1634.7,1.30E+05,,,,,,,,,,,,,,,,,,,,,,,,
 1635.7,1.39E+05,,,,,,,,,,,,,,,,,,,,,,,,
 1636.7,1.48E+05,,,,,,,,,,,,,,,,,,,,,,,,
 1637.8,1.58E+05,,,,,,,,,,,,,,,,,,,,,,,,
 1638.8,1.68E+05,,,,,,,,,,,,,,,,,,,,,,,,
 1639.8,1.78E+05,,,,,,,,,,,,,,,,,,,,,,,,
 1640.8,1.89E+05,,,,,,,,,,,,,,,,,,,,,,,,
 1641.8,2.00E+05,,,,,,,,,,,,,,,,,,,,,,,,
 1642.9,2.12E+05,,,,,,,,,,,,,,,,,,,,,,,,
 1643.9,2.23E+05,,,,,,,,,,,,,,,,,,,,,,,,
 1644.9,2.35E+05,,,,,,,,,,,,,,,,,,,,,,,,
 1645.9,2.46E+05,,,,,,,,,,,,,,,,,,,,,,,,
 1646.9,2.58E+05,,,,,,,,,,,,,,,,,,,,,,,,
 1648,2.72E+05,,,,,,,,,,,,,,,,,,,,,,,,
 1649,2.84E+05,,,,,,,,,,,,,,,,,,,,,,,,
 1650,2.96E+05,,,,,,,,,,,,,,,,,,,,,,,,
 1651,3.08E+05,,,,,,,,,,,,,,,,,,,,,,,,
 1652,3.20E+05,,,,,,,,,,,,,,,,,,,,,,,,
 1653.1,3.33E+05,,,,,,,,,,,,,,,,,,,,,,,,
 1654.1,3.45E+05,,,,,,,,,,,,,,,,,,,,,,,,
 1655.1,3.56E+05,,,,,,,,,,,,,,,,,,,,,,,,
 1656.1,3.68E+05,,,,,,,,,,,,,,,,,,,,,,,,
 1657.1,3.79E+05,,,,,,,,,,,,,,,,,,,,,,,,
 1658.2,3.91E+05,,,,,,,,,,,,,,,,,,,,,,,,
 1659.2,4.01E+05,,,,,,,,,,,,,,,,,,,,,,,,
 1660.2,4.11E+05,,,,,,,,,,,,,,,,,,,,,,,,
 1661.2,4.21E+05,,,,,,,,,,,,,,,,,,,,,,,,
 1662.2,4.30E+05,,,,,,,,,,,,,,,,,,,,,,,,
 1663.3,4.39E+05,,,,,,,,,,,,,,,,,,,,,,,,
 1664.3,4.47E+05,,,,,,,,,,,,,,,,,,,,,,,,
 1665.3,4.54E+05,,,,,,,,,,,,,,,,,,,,,,,,
 1666.3,4.60E+05,,,,,,,,,,,,,,,,,,,,,,,,
 1667.3,4.66E+05,,,,,,,,,,,,,,,,,,,,,,,,
 1668.4,4.72E+05,,,,,,,,,,,,,,,,,,,,,,,,
 1669.4,4.76E+05,,,,,,,,,,,,,,,,,,,,,,,,
 1670.4,4.80E+05,,,,,,,,,,,,,,,,,,,,,,,,
 1671.4,4.82E+05,,,,,,,,,,,,,,,,,,,,,,,,
 1672.4,4.84E+05,,,,,,,,,,,,,,,,,,,,,,,,
 1673.5,4.85E+05,,,,,,,,,,,,,,,,,,,,,,,,
 1674.5,4.85E+05,,,,,,,,,,,,,,,,,,,,,,,,
 1675.5,4.85E+05,,,,,,,,,,,,,,,,,,,,,,,,
 1676.5,4.83E+05,,,,,,,,,,,,,,,,,,,,,,,,
 1677.6,4.81E+05,,,,,,,,,,,,,,,,,,,,,,,,
 1678.6,4.77E+05,,,,,,,,,,,,,,,,,,,,,,,,
 1679.6,4.73E+05,,,,,,,,,,,,,,,,,,,,,,,,
 1680.6,4.69E+05,,,,,,,,,,,,,,,,,,,,,,,,
 1681.6,4.63E+05,,,,,,,,,,,,,,,,,,,,,,,,
 1682.7,4.56E+05,,,,,,,,,,,,,,,,,,,,,,,,
 1683.7,4.49E+05,,,,,,,,,,,,,,,,,,,,,,,,
 1684.7,4.42E+05,,,,,,,,,,,,,,,,,,,,,,,,
 1685.7,4.34E+05,,,,,,,,,,,,,,,,,,,,,,,,
 1686.7,4.25E+05,,,,,,,,,,,,,,,,,,,,,,,,
 1687.8,4.15E+05,,,,,,,,,,,,,,,,,,,,,,,,
 1688.8,4.05E+05,,,,,,,,,,,,,,,,,,,,,,,,
 1689.8,3.95E+05,,,,,,,,,,,,,,,,,,,,,,,,
 1690.8,3.84E+05,,,,,,,,,,,,,,,,,,,,,,,,
 1691.8,3.73E+05,,,,,,,,,,,,,,,,,,,,,,,,
 1692.9,3.61E+05,,,,,,,,,,,,,,,,,,,,,,,,
 1693.9,3.49E+05,,,,,,,,,,,,,,,,,,,,,,,,
 1694.9,3.38E+05,,,,,,,,,,,,,,,,,,,,,,,,
 1695.9,3.26E+05,,,,,,,,,,,,,,,,,,,,,,,,
 1696.9,3.14E+05,,,,,,,,,,,,,,,,,,,,,,,,
 1698,3.00E+05,,,,,,,,,,,,,,,,,,,,,,,,
 1699,2.88E+05,,,,,,,,,,,,,,,,,,,,,,,,
 1700,2.76E+05,,,,,,,,,,,,,,,,,,,,,,,,
 1701,2.64E+05,,,,,,,,,,,,,,,,,,,,,,,,
 1702,2.52E+05,,,,,,,,,,,,,,,,,,,,,,,,
 1703.1,2.40E+05,,,,,,,,,,,,,,,,,,,,,,,,
 1704.1,2.28E+05,,,,,,,,,,,,,,,,,,,,,,,,
 1705.1,2.17E+05,,,,,,,,,,,,,,,,,,,,,,,,
 1706.1,2.06E+05,,,,,,,,,,,,,,,,,,,,,,,,
 1707.1,1.95E+05,,,,,,,,,,,,,,,,,,,,,,,,
 1708.2,1.83E+05,,,,,,,,,,,,,,,,,,,,,,,,
 1709.2,1.73E+05,,,,,,,,,,,,,,,,,,,,,,,,
 1710.2,1.63E+05,,,,,,,,,,,,,,,,,,,,,,,,
 1711.2,1.53E+05,,,,,,,,,,,,,,,,,,,,,,,,
 1712.2,1.44E+05,,,,,,,,,,,,,,,,,,,,,,,,
 1713.3,1.34E+05,,,,,,,,,,,,,,,,,,,,,,,,
 1714.3,1.25E+05,,,,,,,,,,,,,,,,,,,,,,,,
 1715.3,1.17E+05,,,,,,,,,,,,,,,,,,,,,,,,
 1716.3,1.09E+05,,,,,,,,,,,,,,,,,,,,,,,,
 1717.3,1.02E+05,,,,,,,,,,,,,,,,,,,,,,,,
 1718.4,9.42E+04,,,,,,,,,,,,,,,,,,,,,,,,
 1719.4,8.75E+04,,,,,,,,,,,,,,,,,,,,,,,,
 1720.4,8.12E+04,,,,,,,,,,,,,,,,,,,,,,,,
 1721.4,7.52E+04,,,,,,,,,,,,,,,,,,,,,,,,
 1722.4,6.95E+04,,,,,,,,,,,,,,,,,,,,,,,,
 1723.5,6.37E+04,,,,,,,,,,,,,,,,,,,,,,,,
 1724.5,5.87E+04,,,,,,,,,,,,,,,,,,,,,,,,
 1725.5,5.41E+04,,,,,,,,,,,,,,,,,,,,,,,,
 1726.5,4.97E+04,,,,,,,,,,,,,,,,,,,,,,,,
 1727.6,4.53E+04,,,,,,,,,,,,,,,,,,,,,,,,
 1728.6,4.15E+04,,,,,,,,,,,,,,,,,,,,,,,,
 1729.6,3.81E+04,,,,,,,,,,,,,,,,,,,,,,,,
 1730.6,3.48E+04,,,,,,,,,,,,,,,,,,,,,,,,
 1731.6,3.18E+04,,,,,,,,,,,,,,,,,,,,,,,,
 1732.7,2.88E+04,,,,,,,,,,,,,,,,,,,,,,,,
 1733.7,2.63E+04,,,,,,,,,,,,,,,,,,,,,,,,
 1734.7,2.40E+04,,,,,,,,,,,,,,,,,,,,,,,,
 1735.7,2.19E+04,,,,,,,,,,,,,,,,,,,,,,,,
 1736.7,1.99E+04,,,,,,,,,,,,,,,,,,,,,,,,
 1737.8,1.79E+04,,,,,,,,,,,,,,,,,,,,,,,,
 1738.8,1.63E+04,,,,,,,,,,,,,,,,,,,,,,,,
 1739.8,1.49E+04,,,,,,,,,,,,,,,,,,,,,,,,
 1740.8,1.35E+04,,,,,,,,,,,,,,,,,,,,,,,,
 1741.8,1.23E+04,,,,,,,,,,,,,,,,,,,,,,,,
 1742.9,1.11E+04,,,,,,,,,,,,,,,,,,,,,,,,
 1743.9,1.01E+04,,,,,,,,,,,,,,,,,,,,,,,,
 1744.9,9.23E+03,,,,,,,,,,,,,,,,,,,,,,,,
 1745.9,8.43E+03,,,,,,,,,,,,,,,,,,,,,,,,
 1746.9,7.71E+03,,,,,,,,,,,,,,,,,,,,,,,,
 1748,7.01E+03,,,,,,,,,,,,,,,,,,,,,,,,
 1749,6.44E+03,,,,,,,,,,,,,,,,,,,,,,,,
 1750,5.92E+03,,,,,,,,,,,,,,,,,,,,,,,,
 1751,5.47E+03,,,,,,,,,,,,,,,,,,,,,,,,
 1752,5.06E+03,,,,,,,,,,,,,,,,,,,,,,,,
 1753.1,4.66E+03,,,,,,,,,,,,,,,,,,,,,,,,
 1754.1,4.34E+03,,,,,,,,,,,,,,,,,,,,,,,,
 1755.1,4.06E+03,,,,,,,,,,,,,,,,,,,,,,,,
 1756.1,3.81E+03,,,,,,,,,,,,,,,,,,,,,,,,
 1757.1,3.59E+03,,,,,,,,,,,,,,,,,,,,,,,,
 1758.2,3.37E+03,,,,,,,,,,,,,,,,,,,,,,,,
 1759.2,3.20E+03,,,,,,,,,,,,,,,,,,,,,,,,
 1760.2,3.05E+03,,,,,,,,,,,,,,,,,,,,,,,,
 1761.2,2.91E+03,,,,,,,,,,,,,,,,,,,,,,,,
 1762.2,2.79E+03,,,,,,,,,,,,,,,,,,,,,,,,
 1763.3,2.68E+03,,,,,,,,,,,,,,,,,,,,,,,,
 1764.3,2.59E+03,,,,,,,,,,,,,,,,,,,,,,,,
 1765.3,2.50E+03,,,,,,,,,,,,,,,,,,,,,,,,
 1766.3,2.43E+03,,,,,,,,,,,,,,,,,,,,,,,,
 1767.3,2.36E+03,,,,,,,,,,,,,,,,,,,,,,,,
 1768.4,2.30E+03,,,,,,,,,,,,,,,,,,,,,,,,
 1769.4,2.24E+03,,,,,,,,,,,,,,,,,,,,,,,,
 1770.4,2.19E+03,,,,,,,,,,,,,,,,,,,,,,,,
 1771.4,2.15E+03,,,,,,,,,,,,,,,,,,,,,,,,
 1772.4,2.10E+03,,,,,,,,,,,,,,,,,,,,,,,,
 1773.5,2.06E+03,,,,,,,,,,,,,,,,,,,,,,,,
 1774.5,2.02E+03,,,,,,,,,,,,,,,,,,,,,,,,
 1775.5,1.98E+03,,,,,,,,,,,,,,,,,,,,,,,,
 1776.5,1.94E+03,,,,,,,,,,,,,,,,,,,,,,,,
 1777.6,1.91E+03,,,,,,,,,,,,,,,,,,,,,,,,
 1778.6,1.87E+03,,,,,,,,,,,,,,,,,,,,,,,,
 1779.6,1.84E+03,,,,,,,,,,,,,,,,,,,,,,,,
 1780.6,1.80E+03,,,,,,,,,,,,,,,,,,,,,,,,
 1781.6,1.76E+03,,,,,,,,,,,,,,,,,,,,,,,,
 1782.7,1.73E+03,,,,,,,,,,,,,,,,,,,,,,,,
 1783.7,1.69E+03,,,,,,,,,,,,,,,,,,,,,,,,
 1784.7,1.65E+03,,,,,,,,,,,,,,,,,,,,,,,,
 1785.7,1.62E+03,,,,,,,,,,,,,,,,,,,,,,,,
 1786.7,1.58E+03,,,,,,,,,,,,,,,,,,,,,,,,
 1787.8,1.54E+03,,,,,,,,,,,,,,,,,,,,,,,,
 1788.8,1.50E+03,,,,,,,,,,,,,,,,,,,,,,,,
 1789.8,1.46E+03,,,,,,,,,,,,,,,,,,,,,,,,
 1790.8,1.42E+03,,,,,,,,,,,,,,,,,,,,,,,,
 1791.8,1.38E+03,,,,,,,,,,,,,,,,,,,,,,,,
 1792.9,1.33E+03,,,,,,,,,,,,,,,,,,,,,,,,
 1793.9,1.29E+03,,,,,,,,,,,,,,,,,,,,,,,,
 1794.9,1.25E+03,,,,,,,,,,,,,,,,,,,,,,,,
 1795.9,1.21E+03,,,,,,,,,,,,,,,,,,,,,,,,
 1796.9,1.17E+03,,,,,,,,,,,,,,,,,,,,,,,,
 1798,1.13E+03,,,,,,,,,,,,,,,,,,,,,,,,
 1799,1.08E+03,,,,,,,,,,,,,,,,,,,,,,,,
 1800,1.04E+03,,,,,,,,,,,,,,,,,,,,,,,,
 1801,1.00E+03,,,,,,,,,,,,,,,,,,,,,,,,
 1802,9.63E+02,,,,,,,,,,,,,,,,,,,,,,,,
 1803.1,9.20E+02,,,,,,,,,,,,,,,,,,,,,,,,
 1804.1,8.81E+02,,,,,,,,,,,,,,,,,,,,,,,,
 1805.1,8.43E+02,,,,,,,,,,,,,,,,,,,,,,,,
 1806.1,8.05E+02,,,,,,,,,,,,,,,,,,,,,,,,
 1807.1,7.69E+02,,,,,,,,,,,,,,,,,,,,,,,,
 1808.2,7.29E+02,,,,,,,,,,,,,,,,,,,,,,,,
 1809.2,6.95E+02,,,,,,,,,,,,,,,,,,,,,,,,
 1810.2,6.61E+02,,,,,,,,,,,,,,,,,,,,,,,,
 1811.2,6.28E+02,,,,,,,,,,,,,,,,,,,,,,,,
 1812.2,5.96E+02,,,,,,,,,,,,,,,,,,,,,,,,
 1813.3,5.62E+02,,,,,,,,,,,,,,,,,,,,,,,,
 1814.3,5.33E+02,,,,,,,,,,,,,,,,,,,,,,,,
 1815.3,5.05E+02,,,,,,,,,,,,,,,,,,,,,,,,
 1816.3,4.77E+02,,,,,,,,,,,,,,,,,,,,,,,,
 1817.3,4.51E+02,,,,,,,,,,,,,,,,,,,,,,,,
 1818.4,4.24E+02,,,,,,,,,,,,,,,,,,,,,,,,
 1819.4,4.01E+02,,,,,,,,,,,,,,,,,,,,,,,,
 1820.4,3.79E+02,,,,,,,,,,,,,,,,,,,,,,,,
 1821.4,3.58E+02,,,,,,,,,,,,,,,,,,,,,,,,
 1822.4,3.38E+02,,,,,,,,,,,,,,,,,,,,,,,,
 1823.5,3.17E+02,,,,,,,,,,,,,,,,,,,,,,,,
 1824.5,3.00E+02,,,,,,,,,,,,,,,,,,,,,,,,
 1825.5,2.84E+02,,,,,,,,,,,,,,,,,,,,,,,,
 1826.5,2.69E+02,,,,,,,,,,,,,,,,,,,,,,,,
 1827.6,2.53E+02,,,,,,,,,,,,,,,,,,,,,,,,
 1828.6,2.41E+02,,,,,,,,,,,,,,,,,,,,,,,,
 1829.6,2.29E+02,,,,,,,,,,,,,,,,,,,,,,,,
 1830.6,2.18E+02,,,,,,,,,,,,,,,,,,,,,,,,
 1831.6,2.09E+02,,,,,,,,,,,,,,,,,,,,,,,,
 1832.7,1.99E+02,,,,,,,,,,,,,,,,,,,,,,,,
 1833.7,1.92E+02,,,,,,,,,,,,,,,,,,,,,,,,
 1834.7,1.85E+02,,,,,,,,,,,,,,,,,,,,,,,,
 1835.7,1.79E+02,,,,,,,,,,,,,,,,,,,,,,,,
 1836.7,1.74E+02,,,,,,,,,,,,,,,,,,,,,,,,
 1837.8,1.69E+02,,,,,,,,,,,,,,,,,,,,,,,,
 1838.8,1.65E+02,,,,,,,,,,,,,,,,,,,,,,,,
 1839.8,1.62E+02,,,,,,,,,,,,,,,,,,,,,,,,
 1840.8,1.60E+02,,,,,,,,,,,,,,,,,,,,,,,,
 1841.8,1.59E+02,,,,,,,,,,,,,,,,,,,,,,,,
 1842.9,1.57E+02,,,,,,,,,,,,,,,,,,,,,,,,
 1843.9,1.57E+02,,,,,,,,,,,,,,,,,,,,,,,,
 1844.9,1.57E+02,,,,,,,,,,,,,,,,,,,,,,,,
 1845.9,1.57E+02,,,,,,,,,,,,,,,,,,,,,,,,
 1846.9,1.58E+02,,,,,,,,,,,,,,,,,,,,,,,,
 1848,1.59E+02,,,,,,,,,,,,,,,,,,,,,,,,
 1849,1.61E+02,,,,,,,,,,,,,,,,,,,,,,,,
 1850,1.63E+02,,,,,,,,,,,,,,,,,,,,,,,,
 1851,1.65E+02,,,,,,,,,,,,,,,,,,,,,,,,
 1852,1.67E+02,,,,,,,,,,,,,,,,,,,,,,,,
 1853.1,1.70E+02,,,,,,,,,,,,,,,,,,,,,,,,
 1854.1,1.72E+02,,,,,,,,,,,,,,,,,,,,,,,,
 1855.1,1.75E+02,,,,,,,,,,,,,,,,,,,,,,,,
 1856.1,1.78E+02,,,,,,,,,,,,,,,,,,,,,,,,
 1857.1,1.81E+02,,,,,,,,,,,,,,,,,,,,,,,,
 1858.2,1.84E+02,,,,,,,,,,,,,,,,,,,,,,,,
 1859.2,1.87E+02,,,,,,,,,,,,,,,,,,,,,,,,
 1860.2,1.90E+02,,,,,,,,,,,,,,,,,,,,,,,,
 1861.2,1.92E+02,,,,,,,,,,,,,,,,,,,,,,,,
 1862.2,1.95E+02,,,,,,,,,,,,,,,,,,,,,,,,
 1863.3,1.98E+02,,,,,,,,,,,,,,,,,,,,,,,,
 1864.3,2.01E+02,,,,,,,,,,,,,,,,,,,,,,,,
 1865.3,2.03E+02,,,,,,,,,,,,,,,,,,,,,,,,
 1866.3,2.05E+02,,,,,,,,,,,,,,,,,,,,,,,,
 1867.3,2.07E+02,,,,,,,,,,,,,,,,,,,,,,,,
 1868.4,2.09E+02,,,,,,,,,,,,,,,,,,,,,,,,
 1869.4,2.11E+02,,,,,,,,,,,,,,,,,,,,,,,,
 1870.4,2.12E+02,,,,,,,,,,,,,,,,,,,,,,,,
 1871.4,2.13E+02,,,,,,,,,,,,,,,,,,,,,,,,
 1872.4,2.14E+02,,,,,,,,,,,,,,,,,,,,,,,,
 1873.5,2.15E+02,,,,,,,,,,,,,,,,,,,,,,,,
 1874.5,2.15E+02,,,,,,,,,,,,,,,,,,,,,,,,
 1875.5,2.15E+02,,,,,,,,,,,,,,,,,,,,,,,,
 1876.5,2.15E+02,,,,,,,,,,,,,,,,,,,,,,,,
 1877.6,2.15E+02,,,,,,,,,,,,,,,,,,,,,,,,
 1878.6,2.14E+02,,,,,,,,,,,,,,,,,,,,,,,,
 1879.6,2.13E+02,,,,,,,,,,,,,,,,,,,,,,,,
 1880.6,2.12E+02,,,,,,,,,,,,,,,,,,,,,,,,
 1881.6,2.11E+02,,,,,,,,,,,,,,,,,,,,,,,,
 1882.7,2.09E+02,,,,,,,,,,,,,,,,,,,,,,,,
 1883.7,2.07E+02,,,,,,,,,,,,,,,,,,,,,,,,
 1884.7,2.05E+02,,,,,,,,,,,,,,,,,,,,,,,,
 1885.7,2.03E+02,,,,,,,,,,,,,,,,,,,,,,,,
 1886.7,2.00E+02,,,,,,,,,,,,,,,,,,,,,,,,
 1887.8,1.97E+02,,,,,,,,,,,,,,,,,,,,,,,,
 1888.8,1.94E+02,,,,,,,,,,,,,,,,,,,,,,,,
 1889.8,1.91E+02,,,,,,,,,,,,,,,,,,,,,,,,
 1890.8,1.88E+02,,,,,,,,,,,,,,,,,,,,,,,,
 1891.8,1.85E+02,,,,,,,,,,,,,,,,,,,,,,,,
 1892.9,1.81E+02,,,,,,,,,,,,,,,,,,,,,,,,
 1893.9,1.78E+02,,,,,,,,,,,,,,,,,,,,,,,,
 1894.9,1.74E+02,,,,,,,,,,,,,,,,,,,,,,,,
 1895.9,1.71E+02,,,,,,,,,,,,,,,,,,,,,,,,
 1896.9,1.67E+02,,,,,,,,,,,,,,,,,,,,,,,,
 1898,1.63E+02,,,,,,,,,,,,,,,,,,,,,,,,
 1899,1.59E+02,,,,,,,,,,,,,,,,,,,,,,,,
 1900,1.55E+02,,,,,,,,,,,,,,,,,,,,,,,,
 1901,1.52E+02,,,,,,,,,,,,,,,,,,,,,,,,
 1902,1.48E+02,,,,,,,,,,,,,,,,,,,,,,,,
 1903.1,1.44E+02,,,,,,,,,,,,,,,,,,,,,,,,
 1904.1,1.40E+02,,,,,,,,,,,,,,,,,,,,,,,,
 1905.1,1.37E+02,,,,,,,,,,,,,,,,,,,,,,,,
 1906.1,1.33E+02,,,,,,,,,,,,,,,,,,,,,,,,
 1907.1,1.30E+02,,,,,,,,,,,,,,,,,,,,,,,,
 1908.2,1.26E+02,,,,,,,,,,,,,,,,,,,,,,,,
 1909.2,1.23E+02,,,,,,,,,,,,,,,,,,,,,,,,
 1910.2,1.20E+02,,,,,,,,,,,,,,,,,,,,,,,,
 1911.2,1.17E+02,,,,,,,,,,,,,,,,,,,,,,,,
 1912.2,1.14E+02,,,,,,,,,,,,,,,,,,,,,,,,
 1913.3,1.12E+02,,,,,,,,,,,,,,,,,,,,,,,,
 1914.3,1.09E+02,,,,,,,,,,,,,,,,,,,,,,,,
 1915.3,1.07E+02,,,,,,,,,,,,,,,,,,,,,,,,
 1916.3,1.05E+02,,,,,,,,,,,,,,,,,,,,,,,,
 1917.3,1.02E+02,,,,,,,,,,,,,,,,,,,,,,,,
 1918.4,1.00E+02,,,,,,,,,,,,,,,,,,,,,,,,
 1919.4,9.87E+01,,,,,,,,,,,,,,,,,,,,,,,,
 1920.4,9.71E+01,,,,,,,,,,,,,,,,,,,,,,,,
 1921.4,9.57E+01,,,,,,,,,,,,,,,,,,,,,,,,
 1922.4,9.45E+01,,,,,,,,,,,,,,,,,,,,,,,,
 1923.5,9.33E+01,,,,,,,,,,,,,,,,,,,,,,,,
 1924.5,9.24E+01,,,,,,,,,,,,,,,,,,,,,,,,
 1925.5,9.16E+01,,,,,,,,,,,,,,,,,,,,,,,,
 1926.5,9.10E+01,,,,,,,,,,,,,,,,,,,,,,,,
 1927.6,9.04E+01,,,,,,,,,,,,,,,,,,,,,,,,
 1928.6,9.01E+01,,,,,,,,,,,,,,,,,,,,,,,,
 1929.6,8.98E+01,,,,,,,,,,,,,,,,,,,,,,,,
 1930.6,8.97E+01,,,,,,,,,,,,,,,,,,,,,,,,
 1931.6,8.97E+01,,,,,,,,,,,,,,,,,,,,,,,,
 1932.7,8.98E+01,,,,,,,,,,,,,,,,,,,,,,,,
 1933.7,9.00E+01,,,,,,,,,,,,,,,,,,,,,,,,
 1934.7,9.03E+01,,,,,,,,,,,,,,,,,,,,,,,,
 1935.7,9.07E+01,,,,,,,,,,,,,,,,,,,,,,,,
 1936.7,9.11E+01,,,,,,,,,,,,,,,,,,,,,,,,
 1937.8,9.17E+01,,,,,,,,,,,,,,,,,,,,,,,,
 1938.8,9.23E+01,,,,,,,,,,,,,,,,,,,,,,,,
 1939.8,9.29E+01,,,,,,,,,,,,,,,,,,,,,,,,
 1940.8,9.36E+01,,,,,,,,,,,,,,,,,,,,,,,,
 1941.8,9.43E+01,,,,,,,,,,,,,,,,,,,,,,,,
 1942.9,9.51E+01,,,,,,,,,,,,,,,,,,,,,,,,
 1943.9,9.58E+01,,,,,,,,,,,,,,,,,,,,,,,,
 1944.9,9.66E+01,,,,,,,,,,,,,,,,,,,,,,,,
 1945.9,9.74E+01,,,,,,,,,,,,,,,,,,,,,,,,
 1946.9,9.81E+01,,,,,,,,,,,,,,,,,,,,,,,,
 1948,9.89E+01,,,,,,,,,,,,,,,,,,,,,,,,
 1949,9.96E+01,,,,,,,,,,,,,,,,,,,,,,,,
 1950,1.00E+02,,,,,,,,,,,,,,,,,,,,,,,,
 1951,1.01E+02,,,,,,,,,,,,,,,,,,,,,,,,
 1952,1.02E+02,,,,,,,,,,,,,,,,,,,,,,,,
 1953.1,1.02E+02,,,,,,,,,,,,,,,,,,,,,,,,
 1954.1,1.03E+02,,,,,,,,,,,,,,,,,,,,,,,,
 1955.1,1.03E+02,,,,,,,,,,,,,,,,,,,,,,,,
 1956.1,1.04E+02,,,,,,,,,,,,,,,,,,,,,,,,
 1957.1,1.04E+02,,,,,,,,,,,,,,,,,,,,,,,,
 1958.2,1.04E+02,,,,,,,,,,,,,,,,,,,,,,,,
 1959.2,1.05E+02,,,,,,,,,,,,,,,,,,,,,,,,
 1960.2,1.05E+02,,,,,,,,,,,,,,,,,,,,,,,,
 1961.2,1.05E+02,,,,,,,,,,,,,,,,,,,,,,,,
 1962.2,1.05E+02,,,,,,,,,,,,,,,,,,,,,,,,
 1963.3,1.05E+02,,,,,,,,,,,,,,,,,,,,,,,,
 1964.3,1.04E+02,,,,,,,,,,,,,,,,,,,,,,,,
 1965.3,1.04E+02,,,,,,,,,,,,,,,,,,,,,,,,
 1966.3,1.04E+02,,,,,,,,,,,,,,,,,,,,,,,,
 1967.3,1.03E+02,,,,,,,,,,,,,,,,,,,,,,,,
 1968.4,1.02E+02,,,,,,,,,,,,,,,,,,,,,,,,
 1969.4,1.02E+02,,,,,,,,,,,,,,,,,,,,,,,,
 1970.4,1.01E+02,,,,,,,,,,,,,,,,,,,,,,,,
 1971.4,1.00E+02,,,,,,,,,,,,,,,,,,,,,,,,
 1972.4,9.93E+01,,,,,,,,,,,,,,,,,,,,,,,,
 1973.5,9.82E+01,,,,,,,,,,,,,,,,,,,,,,,,
 1974.5,9.71E+01,,,,,,,,,,,,,,,,,,,,,,,,
 1975.5,9.59E+01,,,,,,,,,,,,,,,,,,,,,,,,
 1976.5,9.47E+01,,,,,,,,,,,,,,,,,,,,,,,,
 1977.6,9.32E+01,,,,,,,,,,,,,,,,,,,,,,,,
 1978.6,9.18E+01,,,,,,,,,,,,,,,,,,,,,,,,
 1979.6,9.03E+01,,,,,,,,,,,,,,,,,,,,,,,,
 1980.6,8.88E+01,,,,,,,,,,,,,,,,,,,,,,,,
 1981.6,8.72E+01,,,,,,,,,,,,,,,,,,,,,,,,
 1982.7,8.53E+01,,,,,,,,,,,,,,,,,,,,,,,,
 1983.7,8.36E+01,,,,,,,,,,,,,,,,,,,,,,,,
 1984.7,8.19E+01,,,,,,,,,,,,,,,,,,,,,,,,
 1985.7,8.01E+01,,,,,,,,,,,,,,,,,,,,,,,,
 1986.7,7.82E+01,,,,,,,,,,,,,,,,,,,,,,,,
 1987.8,7.61E+01,,,,,,,,,,,,,,,,,,,,,,,,
 1988.8,7.42E+01,,,,,,,,,,,,,,,,,,,,,,,,
 1989.8,7.22E+01,,,,,,,,,,,,,,,,,,,,,,,,
 1990.8,7.03E+01,,,,,,,,,,,,,,,,,,,,,,,,
 1991.8,6.83E+01,,,,,,,,,,,,,,,,,,,,,,,,
 1992.9,6.61E+01,,,,,,,,,,,,,,,,,,,,,,,,
 1993.9,6.41E+01,,,,,,,,,,,,,,,,,,,,,,,,
 1994.9,6.20E+01,,,,,,,,,,,,,,,,,,,,,,,,
 1995.9,6.00E+01,,,,,,,,,,,,,,,,,,,,,,,,
 1996.9,5.80E+01,,,,,,,,,,,,,,,,,,,,,,,,
 1998,5.58E+01,,,,,,,,,,,,,,,,,,,,,,,,
 1999,5.38E+01,,,,,,,,,,,,,,,,,,,,,,,,
 2000,5.18E+01,,,,,,,,,,,,,,,,,,,,,,,,
